"取引ID","取引日時","取引区分 （1：通常、2：入金、3：出金、4:：預かり金、 5：預かり金返金、6：ポイント加算、7：ポイント減算、8：ポイント失効、11：チップ、13：マイル加算、14：マイル減算、 16：領収証発行）","取消区分 (0:通常、1：取消)","単価値引き前小計","単価値引き小計","小計","小計値引き","合計","預かり金","預かり金現金","預かり金クレジット","釣銭","商品名","カラー","会員コード","サイズ","商品ID","商品コード","数量","会員ID","店舗ID","客層ID","端末ID","支払方法ID1","支払方法名1"
"283","2026/06/30 18:43:34","1","0","44890","4269","40621","0","40621","40621","0","40621","0","FIVICS TENPRO シャフト 650 1ダース","1ダース","","650","1736","6011000192064","1","","2","","3","",""
"283","2026/06/30 18:43:34","1","0","44890","4269","40621","0","40621","40621","0","40621","0","FIVICS TENPRO インサートピン 0line 600～1200","600～1200","","0line","1827","6011000214025","1","","2","","3","",""
"283","2026/06/30 18:43:34","1","0","44890","4269","40621","0","40621","40621","0","40621","0","FIVICS TENPRO ステンレスポイント 2T 550～700","550～700","","2T","1810","6011000203029","1","","2","","3","",""
"283","2026/06/30 18:43:34","1","0","44890","4269","40621","0","40621","40621","0","40621","0","RANGE-O-MATIC スピンウィングベイン 45mm RH ブラック","ブラック","","RH","2432","6117000302059","1","","2","","3","",""
"283","2026/06/30 18:43:34","1","0","44890","4269","40621","0","40621","40621","0","40621","0","FIVICS ピンノック(S) クリアレッド ","","","クリアレッド","2285","6111000287040","1","","2","","3","",""
"282","2026/06/30 18:26:59","1","0","82550","0","82550","0","82550","82550","0","82550","0","【オレンジ】ARICO STRING 70インチ20本 L2 ","","","L2","5910","3300000001869","1","","2","","3","",""
"282","2026/06/30 18:26:59","1","0","82550","0","82550","0","82550","82550","0","82550","0","【廃版】FIVICS TITAN EX リム(ウッドコア)  L 42ポンド","42ポンド","","L","523","1111000041067","1","","2","","3","",""
"281","2026/06/30 10:18:23","1","0","58300","0","58300","58300","0","0","0","0","0","FIVICS FIVE-X シャフト 650 1ダース","1ダース","2304150000042","650","1711","6011000190077","1","842","2","","1","1","請求書"
"280","2026/06/30 10:14:34","1","0","58300","0","58300","58300","0","0","0","0","0","FIVICS FIVE-X シャフト 850 1ダース","1ダース","231021000004","850","1715","6011000190114","1","2764","2","","1","1","請求書"
"279","2026/06/30 10:13:13","1","0","31644","0","31644","31644","0","0","0","0","0","KOREA ARCHERY JET6 ベイン1.75 インチ RH ホワイト","ホワイト","90000000000000000228","RH","2936","6123000632171","2","87","2","","1","",""
"279","2026/06/30 10:13:13","1","0","31644","0","31644","31644","0","0","0","0","0","KOREA ARCHERY JET6 S ベイン RH ホワイト","ホワイト","90000000000000000228","RH","7385","1600000000537","2","87","2","","1","",""
"279","2026/06/30 10:13:13","1","0","31644","0","31644","31644","0","0","0","0","0","Beiter アウトノック 4.7 (1個) レッド ","","90000000000000000228","レッド","3567","1500000000363","4","87","2","","1","",""
"279","2026/06/30 10:13:13","1","0","31644","0","31644","31644","0","0","0","0","0","ARICO フィンガースリング グリーン ","","90000000000000000228","グリーン","2701","8011000406022","1","87","2","","1","",""
"279","2026/06/30 10:13:13","1","0","31644","0","31644","31644","0","0","0","0","0","WJ SPORTS グリップテープ ブラック ","","90000000000000000228","ブラック","2870","9413000425017","1","87","2","","1","",""
"279","2026/06/30 10:13:13","1","0","31644","0","31644","31644","0","0","0","0","0","WJ SPORTS グリップテープ イエロー ","","90000000000000000228","イエロー","2873","9413000425048","1","87","2","","1","",""
"279","2026/06/30 10:13:13","1","0","31644","0","31644","31644","0","0","0","0","0","Beiter アウトノック 4.7 (1個) オレンジ ","","90000000000000000228","オレンジ","3565","1500000000387","20","87","2","","1","",""
"279","2026/06/30 10:13:13","1","0","31644","0","31644","31644","0","0","0","0","0","SHIBUYA SR-5 レスト用両面テープ  ","","90000000000000000228","","3699","1000000000030","2","87","2","","1","",""
"279","2026/06/30 10:13:13","1","0","31644","0","31644","31644","0","0","0","0","0","RANGE-O-MATIC ラッピングテープ  ","","90000000000000000228","","5075","1600100011013","2","87","2","","1","",""
"279","2026/06/30 10:13:13","1","0","31644","0","31644","31644","0","0","0","0","0","FIVICS SAKER 2 タブ コードバン RH XXS","XXS","90000000000000000228","RH","1633","3111000177061","1","87","2","","1","",""
"279","2026/06/30 10:13:13","1","0","31644","0","31644","31644","0","0","0","0","0","FIVICS SAKER 2 タブ バックスキン XXS ","","90000000000000000228","XXS","1645","3111000178068","1","87","2","","1","",""
"279","2026/06/30 10:13:13","1","0","31644","0","31644","31644","0","0","0","0","0","ARICO だっこアニマグ フェネック","","90000000000000000228","フェネック","12381","7900000000419","1","87","2","","1","",""
"278","2026/06/30 09:48:00","1","0","115170","0","115170","11517","103653","103653","0","0","0","MK AWAKE エクステンダーロッド 4インチ ","","2312020000022","4インチ","7381","4200000000024","1","471","2","","1","1","請求書"
"278","2026/06/30 09:48:00","1","0","115170","0","115170","11517","103653","103653","0","0","0","MK AWAKE サイドロッド 12インチ ","","2312020000022","12インチ","7378","4200000000055","2","471","2","","1","1","請求書"
"278","2026/06/30 09:48:00","1","0","115170","0","115170","11517","103653","103653","0","0","0","MK AWAKE センタースタビライザー 26インチ ","","2312020000022","26インチ","7373","4200000000109","1","471","2","","1","1","請求書"
"278","2026/06/30 09:48:00","1","0","115170","0","115170","11517","103653","103653","0","0","0","FIVICS GOLDRO シャフト 600 1ダース","1ダース","2312020000022","600","11979","6011000194112","1","471","2","","1","1","請求書"
"278","2026/06/30 09:48:00","1","0","115170","0","115170","11517","103653","103653","0","0","0","FIVICS GOLDRO ステンレスポイント 120:G 600～700","","2312020000022","120:G","11981","6011000205030","1","471","2","","1","1","請求書"
"277","2026/06/30 09:40:41","1","0","203140","0","203140","0","203140","203140","0","0","0","SHIBUYA ULTIMA RC PRO G2 520 カーボンサイト RH ブラック","ブラック","90000000000000000007","RH ","12471","7000000000454","1","308","2","","1","1","請求書"
"277","2026/06/30 09:40:41","1","0","203140","0","203140","0","203140","203140","0","0","0","HOYT スーパーレスト RH ","","90000000000000000007","RH","1507","2716000153001","30","308","2","","1","1","請求書"
"277","2026/06/30 09:40:41","1","0","203140","0","203140","0","203140","203140","0","0","0","CARTEL フレックスアームガードスリム ブラック ","","90000000000000000007","ブラック","3757","5300000000051","5","308","2","","1","1","請求書"
"277","2026/06/30 09:40:41","1","0","203140","0","203140","0","203140","203140","0","0","0","Beiter アウトノック 4.5/1 X (1個) グリーン ","","90000000000000000007","グリーン","2338","6115000293063","100","308","2","","1","1","請求書"
"277","2026/06/30 09:40:41","1","0","203140","0","203140","0","203140","203140","0","0","0","FIVICS WIND チェストガード(RH) M ホワイト","ホワイト","90000000000000000007","M","1678","3311000183110","1","308","2","","1","1","請求書"
"277","2026/06/30 09:40:41","1","0","203140","0","203140","0","203140","203140","0","0","0","ARICO フィンガースリング グリーン ","","90000000000000000007","グリーン","2701","8011000406022","2","308","2","","1","1","請求書"
"277","2026/06/30 09:40:41","1","0","203140","0","203140","0","203140","203140","0","0","0","SHIBUYA スタビライザー袋（サイド用）","","90000000000000000007","","18446","2900000000315","2","308","2","","1","1","請求書"
"277","2026/06/30 09:40:41","1","0","203140","0","203140","0","203140","203140","0","0","0","ANGEL イザナスサービング ブラック ","","90000000000000000007","ブラック","2761","9291000419027","5","308","2","","1","1","請求書"
"277","2026/06/30 09:40:41","1","0","203140","0","203140","0","203140","203140","0","0","0","FIVICS コードバンレザー  ","","90000000000000000007","","5089","5200100010519","1","308","2","","1","1","請求書"
"276","2026/06/28 20:23:33","1","0","124300","0","124300","124300","0","0","0","0","0","FIVICS FIVE-X シャフト 650 1ダース","1ダース","","650","1711","6011000190077","2","","2","","1","",""
"276","2026/06/28 20:23:33","1","0","124300","0","124300","124300","0","0","0","0","0","FIVICS SKADI バックスキン","","","M","12074","5200000000191","1","","2","","1","",""
"276","2026/06/28 20:23:33","1","0","124300","0","124300","124300","0","0","0","0","0","FIVICS ピンノック(S) クリアピンク","","","クリアピンク","17973","1500000001551","1","","2","","1","",""
"276","2026/06/28 20:23:33","1","0","124300","0","124300","124300","0","0","0","0","0","FIVICS インノック ブルー ","","","ブルー","5137","1500000000660","1","","2","","1","",""
"276","2026/06/28 20:23:33","1","0","124300","0","124300","124300","0","0","0","0","0","MK D2 ダンパー  ","","","","7384","4010000000159","1","","2","","1","",""
"275","2026/06/28 18:27:04","1","0","13882","0","13882","13882","0","0","0","0","0","KOREA ARCHERY JET6 S ベイン RH ピンク","ピンク","90000000000000000228","RH","7391","1600000000476","1","87","2","","1","",""
"275","2026/06/28 18:27:04","1","0","13882","0","13882","13882","0","0","0","0","0","FIVICS SAKER 2 タブ コードバン RH XS","XS","90000000000000000228","RH","1632","3111000177054","1","87","2","","1","",""
"275","2026/06/28 18:27:04","1","0","13882","0","13882","13882","0","0","0","0","0","FIVICS SAKER 2 タブ バックスキン XS ","","90000000000000000228","XS","1644","3111000178051","1","87","2","","1","",""
"275","2026/06/28 18:27:04","1","0","13882","0","13882","13882","0","0","0","0","0","FIVICS リムプロテクター イエロー ","","90000000000000000228","イエロー","1697","3311000188023","1","87","2","","1","",""
"275","2026/06/28 18:27:04","1","0","13882","0","13882","13882","0","0","0","0","0","EASTON Gノック S レモンライム ","","90000000000000000228","レモンライム","4576","1500000000530","4","87","2","","1","",""
"275","2026/06/28 18:27:04","1","0","13882","0","13882","13882","0","0","0","0","0","KOREA ARCHERY JET6 S ベイン RH イエロー","イエロー","90000000000000000228","RH","7389","1600000000490","1","87","2","","1","",""
"274","2026/06/28 16:51:01","1","0","184888","0","184888","184888","0","0","0","0","0","WIN&WIN Tゲージ ブルー ","","90000000000000000228","ブルー","5286","1900000000026","1","87","2","","1","1","請求書"
"274","2026/06/28 16:51:01","1","0","184888","0","184888","184888","0","0","0","0","0","SHIBUYA ULTIMA RC PRO G2 520 カーボンサイト RH ガンメタル","ガンメタル","90000000000000000228","RH ","12474","7000000000423","1","87","2","","1","1","請求書"
"274","2026/06/28 16:51:01","1","0","184888","0","184888","184888","0","0","0","0","0","SHIBUYA VARIS アジャスタブル Vバー","","90000000000000000228","","12508","8000000010254","1","87","2","","1","1","請求書"
"274","2026/06/28 16:51:01","1","0","184888","0","184888","184888","0","0","0","0","0","SHIBUYA VERSA エクステンダーロッド 3インチ ブラック","ブラック","90000000000000000228","3インチ","3348","4400000000141","1","87","2","","1","1","請求書"
"274","2026/06/28 16:51:01","1","0","184888","0","184888","184888","0","0","0","0","0","内外 GT-301タブ  RH M","M","90000000000000000228","RH","18427","48000000003186","1","87","2","","1","1","請求書"
"274","2026/06/28 16:51:01","1","0","184888","0","184888","184888","0","0","0","0","0","内外 GT-301タブ  LH M","M","90000000000000000228","LH","18430","48000000003213","1","87","2","","1","1","請求書"
"274","2026/06/28 16:51:01","1","0","184888","0","184888","184888","0","0","0","0","0","SHIBUYA チェストガード RH（右射ち用） M ブラック","ブラック","90000000000000000228","M","3389","5400000000058","1","87","2","","1","1","請求書"
"274","2026/06/28 16:51:01","1","0","184888","0","184888","184888","0","0","0","0","0","SHIBUYA チェストガード LH（左射ち用） M ブラック","ブラック","90000000000000000228","M","3373","5400000000218","1","87","2","","1","1","請求書"
"274","2026/06/28 16:51:01","1","0","184888","0","184888","184888","0","0","0","0","0","BLACKSHEEP フレックスアームガード","","90000000000000000228","","18410","5300000000631","2","87","2","","1","1","請求書"
"274","2026/06/28 16:51:01","1","0","184888","0","184888","184888","0","0","0","0","0","SHIBUYA ULTIMA RC4 520 カーボンサイト LH ガンメタル","ガンメタル","90000000000000000228","LH ","12486","7000000000300","1","87","2","","1","1","請求書"
"274","2026/06/28 16:51:01","1","0","184888","0","184888","184888","0","0","0","0","0","SHIBUYA トランスポーター 49.0L ホワイト ","","90000000000000000228","ホワイト","11970","2200000000217","1","87","2","","1","1","請求書"
"273","2026/06/28 16:29:45","1","0","1540","0","1540","0","1540","2000","2000","0","460","HOYT スーパーレスト RH ","","","RH","1507","2716000153001","5","","2","","3","",""
"272","2026/06/28 16:19:30","1","0","2530","0","2530","0","2530","3030","3030","0","500","Beiter クリッカー ブラックブレード 0.25 6/32A","6/32A","","0.25","1497","2315000152016","1","","2","","3","",""
"271","2026/06/28 15:10:55","1","0","796320","0","796320","0","796320","796320","0","0","0","ANGEL マジェスティサービング.018/100m ブラック","ブラック","90000000000000000144","","12488","8400000000031","30","171","2","","1","1","請求書"
"271","2026/06/28 15:10:55","1","0","796320","0","796320","0","796320","796320","0","0","0","ANGEL マジェスティサービング.015/100m ブラック","ブラック","90000000000000000144","","18416","8400000000086","30","171","2","","1","1","請求書"
"271","2026/06/28 15:10:55","1","0","796320","0","796320","0","796320","796320","0","0","0","ANGEL DX-WPトーナメントクイバー RH M","M","90000000000000000144","RH","2467","5091000308024","20","171","2","","1","1","請求書"
"271","2026/06/28 15:10:55","1","0","796320","0","796320","0","796320","796320","0","0","0","ANGELトーナメントベルト M ","","90000000000000000144","M","2501","5191000313032","20","171","2","","1","1","請求書"
"271","2026/06/28 15:10:55","1","0","796320","0","796320","0","796320","796320","0","0","0","送料（海外直送）  ","","90000000000000000144","","2949","9900000000035","1","171","2","","1","1","請求書"
"270","2026/06/28 13:51:09","1","0","8800","0","8800","880","7920","7920","0","7920","0","FIVICS SAKER 1 タブ LH S","S","","LH","1526","3011000160080","1","","2","","3","",""
"269","2026/06/28 13:17:42","1","0","67230","6228","61002","0","61002","61002","0","61002","0","CARTEL クリアアローケース  ","","","","2028","6019000286004","1","","2","","3","",""
"269","2026/06/28 13:17:42","1","0","67230","6228","61002","0","61002","61002","0","61002","0","FIVICS TENPRO シャフト 900 1ダース","1ダース","","900","1739","6011000192095","1","","2","","3","",""
"269","2026/06/28 13:17:42","1","0","67230","6228","61002","0","61002","61002","0","61002","0","FIVICS TENPRO ステンレスポイント 3T 800～1200","800～1200","","3T","1811","6011000203036","2","","2","","3","",""
"269","2026/06/28 13:17:42","1","0","67230","6228","61002","0","61002","61002","0","61002","0","FIVICS TENPRO インサートピン 0line 600～1200","600～1200","","0line","1827","6011000214025","2","","2","","3","",""
"269","2026/06/28 13:17:42","1","0","67230","6228","61002","0","61002","61002","0","61002","0","FIVICS ピンノック(S) クリアパープル ","","","クリアパープル","2289","6111000287088","2","","2","","3","",""
"269","2026/06/28 13:17:42","1","0","67230","6228","61002","0","61002","61002","0","61002","0","RANGE-O-MATIC スピンウィングベイン 45mm RH パープル","パープル","","RH","2434","6117000302073","1","","2","","3","",""
"269","2026/06/28 13:17:42","1","0","67230","6228","61002","0","61002","61002","0","61002","0","FIVICS SAKER 1 タブ RH XS","XS","","RH","1522","3011000160042","1","","2","","3","",""
"268","2026/06/28 13:10:02","1","0","244640","0","244640","19205","225435","225435","0","0","0","FIVICS VXハンドル 25"" RH レッド","レッド","90000000000000000339","RH","14490","3700000000648","1","4124","2","","1","1","請求書"
"268","2026/06/28 13:10:02","1","0","244640","0","244640","19205","225435","225435","0","0","0","FIVICS SAKER 1 タブ RH XS","XS","90000000000000000339","RH","1522","3011000160042","1","4124","2","","1","1","請求書"
"268","2026/06/28 13:10:02","1","0","244640","0","244640","19205","225435","225435","0","0","0","FIVICS GOLDRO シャフト 1200 1ダース","1ダース","90000000000000000339","1200","1759","6011000194051","1","4124","2","","1","1","請求書"
"268","2026/06/28 13:10:02","1","0","244640","0","244640","19205","225435","225435","0","0","0","FIVICS GOLDRO ステンレスポイント 120gr 800～1200","800～1200","90000000000000000339","120gr","1815","6011000205016","1","4124","2","","1","1","請求書"
"268","2026/06/28 13:10:02","1","0","244640","0","244640","19205","225435","225435","0","0","0","FIVICS インノック イエロー ","","90000000000000000339","イエロー","5140","1500000000639","1","4124","2","","1","1","請求書"
"268","2026/06/28 13:10:02","1","0","244640","0","244640","19205","225435","225435","0","0","0","RANGE-O-MATIC スピンウィングベイン 45mm RH レッド","レッド","90000000000000000339","RH","2429","6117000302028","1","4124","2","","1","1","請求書"
"268","2026/06/28 13:10:02","1","0","244640","0","244640","19205","225435","225435","0","0","0","SHIBUYA DX プランジャー レッド ","","90000000000000000339","レッド","1491","2490000620038","1","4124","2","","1","1","請求書"
"268","2026/06/28 13:10:02","1","0","244640","0","244640","19205","225435","225435","0","0","0","SHIBUYA ULTIMA RC4 520 カーボンサイト RH レッド","レッド","90000000000000000339","RH ","12481","7000000000355","1","4124","2","","1","1","請求書"
"268","2026/06/28 13:10:02","1","0","244640","0","244640","19205","225435","225435","0","0","0","SHIBUYA アルティマ レスト レッド ","","90000000000000000339","レッド","1506","2790000154046","1","4124","2","","1","1","請求書"
"268","2026/06/28 13:10:02","1","0","244640","0","244640","19205","225435","225435","0","0","0","Beiter クリッカー ブラックブレード 0.25 6/32A","6/32A","90000000000000000339","0.25","1497","2315000152016","1","4124","2","","1","1","請求書"
"268","2026/06/28 13:10:02","1","0","244640","0","244640","19205","225435","225435","0","0","0","FIVICS ACCENDO トーナメントクイバー レッド ","","90000000000000000339","レッド","2461","5011000306035","1","4124","2","","1","1","請求書"
"268","2026/06/28 13:10:02","1","0","244640","0","244640","19205","225435","225435","0","0","0","FIVICS WIND チェストガード(RH) S ブラック","ブラック","90000000000000000339","S","1670","3311000183035","1","4124","2","","1","1","請求書"
"268","2026/06/28 13:10:02","1","0","244640","0","244640","19205","225435","225435","0","0","0","KOREA ARCHERY Jet6 アームガード ブラック ","ブラック","90000000000000000339","","2931","3323000635018","1","4124","2","","1","1","請求書"
"268","2026/06/28 13:10:02","1","0","244640","0","244640","19205","225435","225435","0","0","0","FIVICS HYPER バックパック  ブラック ","","90000000000000000339","ブラック","2533","4011000329011","1","4124","2","","1","1","請求書"
"268","2026/06/28 13:10:02","1","0","244640","0","244640","19205","225435","225435","0","0","0","【2025NEW】FIVICS VELLATOR センタースタビライザー26インチブラック","ブラック","90000000000000000339","26インチ","12021","4300000000304","1","4124","2","","1","1","請求書"
"268","2026/06/28 13:10:02","1","0","244640","0","244640","19205","225435","225435","0","0","0","【2025NEW】FIVICS VELLATOR サイドロッド10インチブラック","ブラック","90000000000000000339","10インチ","12037","4300000000144","2","4124","2","","1","1","請求書"
"268","2026/06/28 13:10:02","1","0","244640","0","244640","19205","225435","225435","0","0","0","FIVICS  アルミニウムエクステンダーロッド 3インチ ","","90000000000000000339","3インチ","1165","2011000103019","1","4124","2","","1","1","請求書"
"268","2026/06/28 13:10:02","1","0","244640","0","244640","19205","225435","225435","0","0","0","FIVICS XENIA V-バー 40° ","","90000000000000000339","40°","1400","2011000469009","1","4124","2","","1","1","請求書"
"267","2026/06/28 13:01:00","1","0","244640","0","244640","19205","225435","225435","0","0","0","FIVICS VXハンドル 25"" RH ブルー","ブルー","90000000000000000338","RH","14489","3700000000655","1","4123","2","","1","1","請求書"
"267","2026/06/28 13:01:00","1","0","244640","0","244640","19205","225435","225435","0","0","0","FIVICS SAKER 1 タブ RH XS","XS","90000000000000000338","RH","1522","3011000160042","1","4123","2","","1","1","請求書"
"267","2026/06/28 13:01:00","1","0","244640","0","244640","19205","225435","225435","0","0","0","FIVICS GOLDRO シャフト 1000 1ダース","1ダース","90000000000000000338","1000","1757","6011000194037","1","4123","2","","1","1","請求書"
"267","2026/06/28 13:01:00","1","0","244640","0","244640","19205","225435","225435","0","0","0","FIVICS GOLDRO ステンレスポイント 120gr 800～1200","800～1200","90000000000000000338","120gr","1815","6011000205016","1","4123","2","","1","1","請求書"
"267","2026/06/28 13:01:00","1","0","244640","0","244640","19205","225435","225435","0","0","0","FIVICS インノック ホワイト ","","90000000000000000338","ホワイト","5138","1500000000653","1","4123","2","","1","1","請求書"
"267","2026/06/28 13:01:00","1","0","244640","0","244640","19205","225435","225435","0","0","0","RANGE-O-MATIC スピンウィングベイン 45mm RH ホワイト","ホワイト","90000000000000000338","RH","2428","6117000302011","1","4123","2","","1","1","請求書"
"267","2026/06/28 13:01:00","1","0","244640","0","244640","19205","225435","225435","0","0","0","SHIBUYA DX プランジャー ブルー ","","90000000000000000338","ブルー","1492","2490000620045","1","4123","2","","1","1","請求書"
"267","2026/06/28 13:01:00","1","0","244640","0","244640","19205","225435","225435","0","0","0","SHIBUYA ULTIMA RC4 520 カーボンサイト RH レッド","レッド","90000000000000000338","RH ","12481","7000000000355","1","4123","2","","1","1","請求書"
"267","2026/06/28 13:01:00","1","0","244640","0","244640","19205","225435","225435","0","0","0","SHIBUYA アルティマ レスト ブルー ","","90000000000000000338","ブルー","1505","2790000154039","1","4123","2","","1","1","請求書"
"267","2026/06/28 13:01:00","1","0","244640","0","244640","19205","225435","225435","0","0","0","Beiter クリッカー ブラックブレード 0.25 6/32A","6/32A","90000000000000000338","0.25","1497","2315000152016","1","4123","2","","1","1","請求書"
"267","2026/06/28 13:01:00","1","0","244640","0","244640","19205","225435","225435","0","0","0","FIVICS ACCENDO トーナメントクイバー レッド ","","90000000000000000338","レッド","2461","5011000306035","1","4123","2","","1","1","請求書"
"267","2026/06/28 13:01:00","1","0","244640","0","244640","19205","225435","225435","0","0","0","FIVICS WIND チェストガード(RH) S ブラック","ブラック","90000000000000000338","S","1670","3311000183035","1","4123","2","","1","1","請求書"
"267","2026/06/28 13:01:00","1","0","244640","0","244640","19205","225435","225435","0","0","0","KOREA ARCHERY Jet6 アームガード ブラック ","ブラック","90000000000000000338","","2931","3323000635018","1","4123","2","","1","1","請求書"
"267","2026/06/28 13:01:00","1","0","244640","0","244640","19205","225435","225435","0","0","0","FIVICS HYPER バックパック  ブラック ","","90000000000000000338","ブラック","2533","4011000329011","1","4123","2","","1","1","請求書"
"267","2026/06/28 13:01:00","1","0","244640","0","244640","19205","225435","225435","0","0","0","【2025NEW】FIVICS VELLATOR センタースタビライザー26インチブラック","ブラック","90000000000000000338","26インチ","12021","4300000000304","1","4123","2","","1","1","請求書"
"267","2026/06/28 13:01:00","1","0","244640","0","244640","19205","225435","225435","0","0","0","【2025NEW】FIVICS VELLATOR サイドロッド10インチブラック","ブラック","90000000000000000338","10インチ","12037","4300000000144","2","4123","2","","1","1","請求書"
"267","2026/06/28 13:01:00","1","0","244640","0","244640","19205","225435","225435","0","0","0","FIVICS  アルミニウムエクステンダーロッド 4インチ ","","90000000000000000338","4インチ","1166","2011000103026","1","4123","2","","1","1","請求書"
"267","2026/06/28 13:01:00","1","0","244640","0","244640","19205","225435","225435","0","0","0","FIVICS XENIA V-バー 40° ","","90000000000000000338","40°","1400","2011000469009","1","4123","2","","1","1","請求書"
"266","2026/06/28 12:30:37","1","0","23100","0","23100","23100","0","0","0","0","0","FIVICS SKADI-BX サイドロッド 11インチ ","","90000000000000000228","11インチ","1390","2011000465025","1","87","2","","1","1","請求書"
"265","2026/06/28 12:25:40","1","0","1408660","0","1408660","1408660","0","0","0","0","0","FIVICS GOLDRO シャフト 900 1ダース","1ダース","90000000000000000228","900","1756","6011000194020","1","87","2","","1","1","請求書"
"265","2026/06/28 12:25:40","1","0","1408660","0","1408660","1408660","0","0","0","0","0","FIVICS TITAN NXTハンドル RH レッド","レッド","90000000000000000228","RH","3046","1011000005055","2","87","2","","1","1","請求書"
"265","2026/06/28 12:25:40","1","0","1408660","0","1408660","1408660","0","0","0","0","0","FIVICS FIVE-X シャフト 850 1ダース","1ダース","90000000000000000228","850","1715","6011000190114","3","87","2","","1","1","請求書"
"265","2026/06/28 12:25:40","1","0","1408660","0","1408660","1408660","0","0","0","0","0","FIVICS TENPRO シャフト 700 1ダース","1ダース","90000000000000000228","700","1737","6011000192071","7","87","2","","1","1","請求書"
"265","2026/06/28 12:25:40","1","0","1408660","0","1408660","1408660","0","0","0","0","0","FIVICS TENPRO シャフト 800 1ダース","1ダース","90000000000000000228","800","1738","6011000192088","1","87","2","","1","1","請求書"
"265","2026/06/28 12:25:40","1","0","1408660","0","1408660","1408660","0","0","0","0","0","FIVICS TENPRO シャフト 900 1ダース","1ダース","90000000000000000228","900","1739","6011000192095","2","87","2","","1","1","請求書"
"265","2026/06/28 12:25:40","1","0","1408660","0","1408660","1408660","0","0","0","0","0","FIVICS TENPRO シャフト 1100 1ダース","1ダース","90000000000000000228","1100","1741","6011000192118","1","87","2","","1","1","請求書"
"265","2026/06/28 12:25:40","1","0","1408660","0","1408660","1408660","0","0","0","0","0","FIVICS GOLDRO シャフト 800 1ダース","1ダース","90000000000000000228","800","1755","6011000194013","1","87","2","","1","1","請求書"
"265","2026/06/28 12:25:40","1","0","1408660","0","1408660","1408660","0","0","0","0","0","FIVICS GOLDRO シャフト 1200 1ダース","1ダース","90000000000000000228","1200","1759","6011000194051","1","87","2","","1","1","請求書"
"265","2026/06/28 12:25:40","1","0","1408660","0","1408660","1408660","0","0","0","0","0","FIVICS GOLDRO シャフト 1300 1ダース","1ダース","90000000000000000228","1300","1760","6011000194068","1","87","2","","1","1","請求書"
"265","2026/06/28 12:25:40","1","0","1408660","0","1408660","1408660","0","0","0","0","0","FIVICS TENPRO ステンレスポイント 3T 800～1200","800～1200","90000000000000000228","3T","1811","6011000203036","1","87","2","","1","1","請求書"
"265","2026/06/28 12:25:40","1","0","1408660","0","1408660","1408660","0","0","0","0","0","FIVICS ピンノック(S) オブリックイエロー ","","90000000000000000228","オブリックイエロー","2283","6111000287026","2","87","2","","1","1","請求書"
"265","2026/06/28 12:25:40","1","0","1408660","0","1408660","1408660","0","0","0","0","0","FIVICS WT ウエイト（新） ヘッド ","","90000000000000000228","ヘッド","4810","9600100010711","3","87","2","","1","1","請求書"
"265","2026/06/28 12:25:40","1","0","1408660","0","1408660","1408660","0","0","0","0","0","FIVICS V-UP アッパーロッド  ","","90000000000000000228","","14648","5000000000098","1","87","2","","1","1","請求書"
"265","2026/06/28 12:25:40","1","0","1408660","0","1408660","1408660","0","0","0","0","0","FIVICS SAKER 1 ブラス タブ RH M","M","90000000000000000228","RH","1548","3011000164026","1","87","2","","1","1","請求書"
"265","2026/06/28 12:25:40","1","0","1408660","0","1408660","1408660","0","0","0","0","0","FIVICS AUTOMATIC ボウスタンド ロング ","","90000000000000000228","ロング","2515","4111000324006","1","87","2","","1","1","請求書"
"265","2026/06/28 12:25:40","1","0","1408660","0","1408660","1408660","0","0","0","0","0","FIVICS LOK V-バー 40° ","","90000000000000000228","40°","1384","2011000108021","8","87","2","","1","1","請求書"
"265","2026/06/28 12:25:40","1","0","1408660","0","1408660","1408660","0","0","0","0","0","FIVICS SAKER 1 タブ RH XS","XS","90000000000000000228","RH","1522","3011000160042","8","87","2","","1","1","請求書"
"265","2026/06/28 12:25:40","1","0","1408660","0","1408660","1408660","0","0","0","0","0","FIVICS インノック ブルー ","","90000000000000000228","ブルー","5137","1500000000660","4","87","2","","1","1","請求書"
"265","2026/06/28 12:25:40","1","0","1408660","0","1408660","1408660","0","0","0","0","0","FIVICS Gｰウエイト 1オンス ","","90000000000000000228","1オンス","14649","6010000000164","11","87","2","","1","1","請求書"
"265","2026/06/28 12:25:40","1","0","1408660","0","1408660","1408660","0","0","0","0","0","FIVICS スコーピオン サイト ブラック ","","90000000000000000228","ブラック","1436","2211000137018","1","87","2","","1","1","請求書"
"265","2026/06/28 12:25:40","1","0","1408660","0","1408660","1408660","0","0","0","0","0","FIVICS SKADI-BX センタースタビライザー 26インチ ","","90000000000000000228","26インチ","1386","2011000464011","3","87","2","","1","1","請求書"
"265","2026/06/28 12:25:40","1","0","1408660","0","1408660","1408660","0","0","0","0","0","FIVICS TWO BOW ケース ピンク ","","90000000000000000228","ピンク","11260","2200000000132","1","87","2","","1","1","請求書"
"265","2026/06/28 12:25:40","1","0","1408660","0","1408660","1408660","0","0","0","0","0","FIVICS  XENIA ハンドル 25"" RH ホワイト","ホワイト","90000000000000000228","RH","165","1011000007080","2","87","2","","1","1","請求書"
"264","2026/06/28 11:30:44","1","0","3513070","0","3513070","3513070","0","0","0","0","0","MK N3 リム （ILF） S 40ポンド","40ポンド","90000000000000000228","S","3181","1112000073034","1","87","2","","1","1","請求書"
"264","2026/06/28 11:30:44","1","0","3513070","0","3513070","3513070","0","0","0","0","0","MK ZEST リム (ILF)  M 38ポンド","38ポンド","90000000000000000228","M","4526","3900100010985","1","87","2","","1","1","請求書"
"264","2026/06/28 11:30:44","1","0","3513070","0","3513070","3513070","0","0","0","0","0","MK ZX ハンドル  RH パステルイエロー","パステルイエロー","90000000000000000228","RH","18433","3600100010854","1","87","2","","1","1","請求書"
"264","2026/06/28 11:30:44","1","0","3513070","0","3513070","3513070","0","0","0","0","0","MK ZX ハンドル  RH ベージュ","ベージュ","90000000000000000228","RH","18413","3600100010830","1","87","2","","1","1","請求書"
"264","2026/06/28 11:30:44","1","0","3513070","0","3513070","3513070","0","0","0","0","0","MK ZX ハンドル  RH カメレオンピンク","カメレオンピンク","90000000000000000228","RH","18405","3600100010779","1","87","2","","1","1","請求書"
"264","2026/06/28 11:30:44","1","0","3513070","0","3513070","3513070","0","0","0","0","0","MK X-ON ハンドル 25"" RH ブラック","ブラック","90000000000000000228","RH","217","1012000010018","2","87","2","","1","1","請求書"
"264","2026/06/28 11:30:44","1","0","3513070","0","3513070","3513070","0","0","0","0","0","MK X-ON ハンドル 25"" RH レッド","レッド","90000000000000000228","RH","219","1012000010032","2","87","2","","1","1","請求書"
"264","2026/06/28 11:30:44","1","0","3513070","0","3513070","3513070","0","0","0","0","0","MK ZX ハンドル  RH カメレオンブルー","カメレオンブルー","90000000000000000228","RH","14548","3600100010625","1","87","2","","1","1","請求書"
"264","2026/06/28 11:30:44","1","0","3513070","0","3513070","3513070","0","0","0","0","0","MK ZX ハンドル  RH ブラック","ブラック","90000000000000000228","RH","14534","3600100010762","5","87","2","","1","1","請求書"
"264","2026/06/28 11:30:44","1","0","3513070","0","3513070","3513070","0","0","0","0","0","【2026NEW】MK INPERS センタースタビライザー 28インチ ","","90000000000000000228","28インチ","14654","4200000000161","3","87","2","","1","1","請求書"
"264","2026/06/28 11:30:44","1","0","3513070","0","3513070","3513070","0","0","0","0","0","MK D2 ダンパー  ","","90000000000000000228","","7384","4010000000159","2","87","2","","1","1","請求書"
"264","2026/06/28 11:30:44","1","0","3513070","0","3513070","3513070","0","0","0","0","0","MK ZX ハンドル  RH レッド","レッド","90000000000000000228","RH","14537","3600100010731","2","87","2","","1","1","請求書"
"264","2026/06/28 11:30:44","1","0","3513070","0","3513070","3513070","0","0","0","0","0","MK XD リム L 38","38","90000000000000000228","L","14601","3900100011166","2","87","2","","1","1","請求書"
"264","2026/06/28 11:30:44","1","0","3513070","0","3513070","3513070","0","0","0","0","0","MK XD リム S 42","42","90000000000000000228","S","14585","3900100011326","1","87","2","","1","1","請求書"
"264","2026/06/28 11:30:44","1","0","3513070","0","3513070","3513070","0","0","0","0","0","【2026NEW】MK INPERS センタースタビライザー 26インチ ","","90000000000000000228","26インチ","14653","4200000000178","1","87","2","","1","1","請求書"
"264","2026/06/28 11:30:44","1","0","3513070","0","3513070","3513070","0","0","0","0","0","MK X-ON ハンドル 25"" RH スカイブルー","スカイブルー","90000000000000000228","RH","218","1012000010025","1","87","2","","1","1","請求書"
"264","2026/06/28 11:30:44","1","0","3513070","0","3513070","3513070","0","0","0","0","0","MK XD リム M 42","42","90000000000000000228","M","14594","3900100011234","1","87","2","","1","1","請求書"
"264","2026/06/28 11:30:44","1","0","3513070","0","3513070","3513070","0","0","0","0","0","MK Vバー　1 40° ","","90000000000000000228","40°","1177","2012000109018","3","87","2","","1","1","請求書"
"264","2026/06/28 11:30:44","1","0","3513070","0","3513070","3513070","0","0","0","0","0","MK AWAKE センタースタビライザー 28インチ ","","90000000000000000228","28インチ","7374","4200000000093","1","87","2","","1","1","請求書"
"264","2026/06/28 11:30:44","1","0","3513070","0","3513070","3513070","0","0","0","0","0","MK AWAKE エクステンダーロッド 4インチ ","","90000000000000000228","4インチ","7381","4200000000024","1","87","2","","1","1","請求書"
"263","2026/06/27 14:07:48","1","0","24530","0","24530","2453","22077","22077","0","22077","0","FIVICS PX1500 ウエイト 4LEVEL 104g ","","","104g","1435","2611000472001","2","","2","","3","",""
"263","2026/06/27 14:07:48","1","0","24530","0","24530","2453","22077","22077","0","22077","0","FIVICS PX1500 ウエイト 2LEVEL 52g ","","","52g","1434","2611000471004","1","","2","","3","",""
"263","2026/06/27 14:07:48","1","0","24530","0","24530","2453","22077","22077","0","22077","0","FIVICS PX1500 ウエイト 1LEVEL 26g ","","","26g","1433","2611000470007","2","","2","","3","",""
"263","2026/06/27 14:07:48","1","0","24530","0","24530","2453","22077","22077","0","22077","0","FIVICS SKADIタブ RH S（イエロー）","S（イエロー）","","RH","6202","8100000000054","1","","2","","3","",""
"262","2026/06/26 20:52:18","1","0","14731","0","14731","0","14731","14731","0","0","0","FIVICS GOLDRO シャフト 1200 1ダース","1ダース","90000000000000000006","1200","1759","6011000194051","1","309","2","","1","1","請求書"
"261","2026/06/26 20:46:45","1","0","1650","0","1650","165","1485","1485","0","1485","0","WJ SPORTS グリップテープ ブラック ","","","ブラック","2870","9413000425017","1","","2","","3","",""
"260","2026/06/26 19:20:16","1","0","29462","0","29462","0","29462","29462","0","0","0","FIVICS GOLDRO シャフト 1100 1ダース","1ダース","90000000000000000006","1100","1758","6011000194044","2","309","2","","1","1","請求書"
"259","2026/06/26 19:17:51","1","0","2750","0","2750","0","2750","2750","0","2750","0","CARTEL クリアアローケース  ","","","","2028","6019000286004","1","","2","","3","",""
"258","2026/06/26 19:11:46","1","0","2970","0","2970","0","2970","2970","2970","0","0","KOREA ARCHERY JET6 S ベイン RH ブルー","ブルー","","RH","7387","1600000000513","1","","2","","3","",""
"257","2026/06/26 18:19:57","1","0","29150","2695","26455","0","26455","26455","0","26455","0","FIVICS GOLDRO シャフト 800 1ダース","1ダース","","800","1755","6011000194013","1","","2","","3","",""
"257","2026/06/26 18:19:57","1","0","29150","2695","26455","0","26455","26455","0","26455","0","FIVICS GOLDRO ステンレスポイント 120gr 800～1200","800～1200","","120gr","1815","6011000205016","1","","2","","3","",""
"257","2026/06/26 18:19:57","1","0","29150","2695","26455","0","26455","26455","0","26455","0","FIVICS インノック レッド ","","","レッド","5139","1500000000646","1","","2","","3","",""
"257","2026/06/26 18:19:57","1","0","29150","2695","26455","0","26455","26455","0","26455","0","RANGE-O-MATIC スピンウィングベイン 45mm RH ブラック","ブラック","","RH","2432","6117000302059","1","","2","","3","",""
"256","2026/06/26 15:17:22","1","0","1320","0","1320","1320","0","0","0","0","0","FIVICS SKADI バックスキン","","","XS","12072","5200000000214","1","","2","","1","1","請求書"
"255","2026/06/26 15:17:03","1","0","-1320","0","-1320","0","-1320","-1320","0","0","0","FIVICS SKADI バックスキン","","","XS","12072","5200000000214","1","","2","","1","1","請求書"
"254","2026/06/26 15:16:54","1","0","1320","0","1320","0","1320","1320","0","0","0","FIVICS SKADI バックスキン","","","XS","12072","5200000000214","1","","2","","1","1","請求書"
"253","2026/06/26 15:14:16","1","0","-35960","0","-35960","0","-35960","-35960","0","0","0","FIVICS SAKER 2 タブ コードバン RH S","S","90000000000000000002","RH","1631","3111000177047","10","312","2","","1","1","請求書"
"252","2026/06/26 14:49:31","1","0","35960","0","35960","0","35960","35960","0","0","0","FIVICS SAKER 2 タブ コードバン RH S","S","90000000000000000002","RH","1631","3111000177047","10","312","2","","1","1","請求書"
"251","2026/06/26 12:02:50","1","0","81586","0","81586","81586","0","0","0","0","0","HOYT スーパーレスト RH ","","90000000000000000228","RH","1507","2716000153001","2","87","2","","1","",""
"251","2026/06/26 12:02:50","1","0","81586","0","81586","81586","0","0","0","0","0","Beiter クリッカー 0.25 6/32A","6/32A","90000000000000000228","0.25","1493","2315000151019","2","87","2","","1","",""
"251","2026/06/26 12:02:50","1","0","81586","0","81586","81586","0","0","0","0","0","Beiter プランジャー ブラック ","","90000000000000000228","ブラック","1477","2415000149013","2","87","2","","1","",""
"251","2026/06/26 12:02:50","1","0","81586","0","81586","81586","0","0","0","0","0","FIVICS FS004D フィンガースペーサー ブラック ","","90000000000000000228","ブラック","2669","3211000394014","1","87","2","","1","",""
"251","2026/06/26 12:02:50","1","0","81586","0","81586","81586","0","0","0","0","0","MK センター調整用 ワッシャー シルバー ","","90000000000000000228","シルバー","2634","1312000387012","2","87","2","","1","",""
"251","2026/06/26 12:02:50","1","0","81586","0","81586","81586","0","0","0","0","0","MK センター調整用 ワッシャー ゴールド ","","90000000000000000228","ゴールド","2635","1312000387029","2","87","2","","1","",""
"251","2026/06/26 12:02:50","1","0","81586","0","81586","81586","0","0","0","0","0","FIVICS TENPRO ステンレスポイント 2T 550～700","550～700","90000000000000000228","2T","1810","6011000203029","1","87","2","","1","",""
"251","2026/06/26 12:02:50","1","0","81586","0","81586","81586","0","0","0","0","0","FIVICS TENPRO インサートピン 0line 600～1200","600～1200","90000000000000000228","0line","1827","6011000214025","1","87","2","","1","",""
"251","2026/06/26 12:02:50","1","0","81586","0","81586","81586","0","0","0","0","0","FIVICS ピンノック(S) クリアレッド ","","90000000000000000228","クリアレッド","2285","6111000287040","1","87","2","","1","",""
"251","2026/06/26 12:02:50","1","0","81586","0","81586","81586","0","0","0","0","0","FIVICS ピンノック(S) クリアパープル ","","90000000000000000228","クリアパープル","2289","6111000287088","1","87","2","","1","",""
"251","2026/06/26 12:02:50","1","0","81586","0","81586","81586","0","0","0","0","0","Beiter クリッカー ブラックブレード 0.25 6/32A","6/32A","90000000000000000228","0.25","1497","2315000152016","1","87","2","","1","",""
"251","2026/06/26 12:02:50","1","0","81586","0","81586","81586","0","0","0","0","0","FIVICS インドア ターゲットフェイス(RC) 1枚 ","","90000000000000000228","1枚","2548","7011000347012","2","87","2","","1","",""
"251","2026/06/26 12:02:50","1","0","81586","0","81586","81586","0","0","0","0","0","FIVICS SKADI エクステンダーロッド 3インチ ","","90000000000000000228","3インチ","1393","2011000466015","1","87","2","","1","",""
"250","2026/06/26 11:55:59","1","0","314204","0","314204","19415","294789","294789","0","0","0","FIVICS ONIX ハンドル 25"" RH ブラックライム","ブラックライム","90000000000000000337","RH ","12385","3700000000334","1","4122","2","","1","1","請求書"
"250","2026/06/26 11:55:59","1","0","314204","0","314204","19415","294789","294789","0","0","0","SHIBUYA ULTIMA RC4 520 カーボンサイト RH ガンメタル","ガンメタル","90000000000000000337","RH ","12482","7000000000348","1","4122","2","","1","1","請求書"
"250","2026/06/26 11:55:59","1","0","314204","0","314204","19415","294789","294789","0","0","0","【2025NEW】FIVICS VELLATOR センタースタビライザー28インチイエロー","イエロー","90000000000000000337","28インチ","12031","4300000000205","1","4122","2","","1","1","請求書"
"250","2026/06/26 11:55:59","1","0","314204","0","314204","19415","294789","294789","0","0","0","【2025NEW】FIVICS VELLATOR サイドロッド10インチイエロー","イエロー","90000000000000000337","10インチ","12046","4300000000052","2","4122","2","","1","1","請求書"
"250","2026/06/26 11:55:59","1","0","314204","0","314204","19415","294789","294789","0","0","0","FIVICS  アルミニウムエクステンダーロッド 4インチ ","","90000000000000000337","4インチ","1166","2011000103026","1","4122","2","","1","1","請求書"
"250","2026/06/26 11:55:59","1","0","314204","0","314204","19415","294789","294789","0","0","0","FIVICS LOK V-バー 45° ","","90000000000000000337","45°","1385","2011000108038","1","4122","2","","1","1","請求書"
"250","2026/06/26 11:55:59","1","0","314204","0","314204","19415","294789","294789","0","0","0","FIVICS VELLATOR ウエイト 中間 ","","90000000000000000337","中間","3023","2611000136019","4","4122","2","","1","1","請求書"
"250","2026/06/26 11:55:59","1","0","314204","0","314204","19415","294789","294789","0","0","0","Beiter プランジャー チタン ","","90000000000000000337","チタン","1483","2415000149075","1","4122","2","","1","1","請求書"
"250","2026/06/26 11:55:59","1","0","314204","0","314204","19415","294789","294789","0","0","0","SHIBUYA アルティマ レスト シルバー ","","90000000000000000337","シルバー","1504","2790000154022","1","4122","2","","1","1","請求書"
"250","2026/06/26 11:55:59","1","0","314204","0","314204","19415","294789","294789","0","0","0","Beiter クリッカー 0.25 6/32A","6/32A","90000000000000000337","0.25","1493","2315000151019","1","4122","2","","1","1","請求書"
"250","2026/06/26 11:55:59","1","0","314204","0","314204","19415","294789","294789","0","0","0","CARTEL Tゲージ レッド ","","90000000000000000337","レッド","2511","5219000321045","1","4122","2","","1","1","請求書"
"250","2026/06/26 11:55:59","1","0","314204","0","314204","19415","294789","294789","0","0","0","FIVICS ACCENDO トーナメントクイバー ブラック ","","90000000000000000337","ブラック","2459","5011000306011","1","4122","2","","1","1","請求書"
"250","2026/06/26 11:55:59","1","0","314204","0","314204","19415","294789","294789","0","0","0","FIVICS WIND チェストガード(RH) M ブラック","ブラック","90000000000000000337","M","1669","3311000183028","1","4122","2","","1","1","請求書"
"250","2026/06/26 11:55:59","1","0","314204","0","314204","19415","294789","294789","0","0","0","KOREA ARCHERY Jet6 アームガード  グリーン","グリーン","90000000000000000337","","3019","3323000635087","1","4122","2","","1","1","請求書"
"250","2026/06/26 11:55:59","1","0","314204","0","314204","19415","294789","294789","0","0","0","WNS S-AL ボウスタンド レッド ","","90000000000000000337","レッド","3788","2100100010058","1","4122","2","","1","1","請求書"
"250","2026/06/26 11:55:59","1","0","314204","0","314204","19415","294789","294789","0","0","0","SHIBUYA TRANSPORTER 56.5L ケース グロッシーブルー ","","90000000000000000337","グロッシーブルー","2543","4090000331033","1","4122","2","","1","1","請求書"
"250","2026/06/26 11:55:59","1","0","314204","0","314204","19415","294789","294789","0","0","0","FIVICS リムプロテクター イエロー ","","90000000000000000337","イエロー","1697","3311000188023","1","4122","2","","1","1","請求書"
"249","2026/06/26 11:52:27","1","0","319704","0","319704","19965","299739","299739","0","0","0","FIVICS ONIX ハンドル 25"" RH イエロー","イエロー","90000000000000000336","RH ","12387","3700000000310","1","4121","2","","1","1","請求書"
"249","2026/06/26 11:52:27","1","0","319704","0","319704","19965","299739","299739","0","0","0","SHIBUYA ULTIMA RC4 520 カーボンサイト RH ガンメタル","ガンメタル","90000000000000000336","RH ","12482","7000000000348","1","4121","2","","1","1","請求書"
"249","2026/06/26 11:52:27","1","0","319704","0","319704","19965","299739","299739","0","0","0","【2025NEW】FIVICS VELLATOR センタースタビライザー28インチブラック","ブラック","90000000000000000336","28インチ","12022","4300000000298","1","4121","2","","1","1","請求書"
"249","2026/06/26 11:52:27","1","0","319704","0","319704","19965","299739","299739","0","0","0","【2025NEW】FIVICS VELLATOR サイドロッド12インチブラック","ブラック","90000000000000000336","12インチ","12038","4300000000137","2","4121","2","","1","1","請求書"
"249","2026/06/26 11:52:27","1","0","319704","0","319704","19965","299739","299739","0","0","0","FIVICS  アルミニウムエクステンダーロッド 4インチ ","","90000000000000000336","4インチ","1166","2011000103026","1","4121","2","","1","1","請求書"
"249","2026/06/26 11:52:27","1","0","319704","0","319704","19965","299739","299739","0","0","0","FIVICS LOK V-バー 45° ","","90000000000000000336","45°","1385","2011000108038","1","4121","2","","1","1","請求書"
"249","2026/06/26 11:52:27","1","0","319704","0","319704","19965","299739","299739","0","0","0","FIVICS VELLATOR ウエイト 中間 ","","90000000000000000336","中間","3023","2611000136019","4","4121","2","","1","1","請求書"
"249","2026/06/26 11:52:27","1","0","319704","0","319704","19965","299739","299739","0","0","0","SHIBUYA アルティマ レスト ブラック ","","90000000000000000336","ブラック","1503","2790000154015","1","4121","2","","1","1","請求書"
"249","2026/06/26 11:52:27","1","0","319704","0","319704","19965","299739","299739","0","0","0","Beiter クリッカー 0.25 6/32A","6/32A","90000000000000000336","0.25","1493","2315000151019","1","4121","2","","1","1","請求書"
"249","2026/06/26 11:52:27","1","0","319704","0","319704","19965","299739","299739","0","0","0","CARTEL Tゲージ ブラック ","","90000000000000000336","ブラック","2508","5219000321014","1","4121","2","","1","1","請求書"
"249","2026/06/26 11:52:27","1","0","319704","0","319704","19965","299739","299739","0","0","0","Beiter プランジャー ブラック ","","90000000000000000336","ブラック","1477","2415000149013","1","4121","2","","1","1","請求書"
"249","2026/06/26 11:52:27","1","0","319704","0","319704","19965","299739","299739","0","0","0","FIVICS ACCENDO トーナメントクイバー ブラック ","","90000000000000000336","ブラック","2459","5011000306011","1","4121","2","","1","1","請求書"
"249","2026/06/26 11:52:27","1","0","319704","0","319704","19965","299739","299739","0","0","0","FIVICS WIND チェストガード(RH) M ブラック","ブラック","90000000000000000336","M","1669","3311000183028","1","4121","2","","1","1","請求書"
"249","2026/06/26 11:52:27","1","0","319704","0","319704","19965","299739","299739","0","0","0","KOREA ARCHERY Jet6 アームガード ブラック ","ブラック","90000000000000000336","","2931","3323000635018","1","4121","2","","1","1","請求書"
"249","2026/06/26 11:52:27","1","0","319704","0","319704","19965","299739","299739","0","0","0","WNS S-AL ボウスタンド ブラック ","","90000000000000000336","ブラック","3785","2100100010089","1","4121","2","","1","1","請求書"
"249","2026/06/26 11:52:27","1","0","319704","0","319704","19965","299739","299739","0","0","0","SHIBUYA TRANSPORTER 56.5L ケース マットブラック ","","90000000000000000336","マットブラック","2541","4090000331019","1","4121","2","","1","1","請求書"
"249","2026/06/26 11:52:27","1","0","319704","0","319704","19965","299739","299739","0","0","0","FIVICS リムプロテクター イエロー ","","90000000000000000336","イエロー","1697","3311000188023","1","4121","2","","1","1","請求書"
"248","2026/06/26 11:48:29","1","0","375628","0","375628","25487","350141","350141","0","0","0","MK ZX ハンドル  LH ブルー","ブルー","90000000000000000335","LH","14551","3600100010595","1","4120","2","","1","1","請求書"
"248","2026/06/26 11:48:29","1","0","375628","0","375628","25487","350141","350141","0","0","0","SHIBUYA ULTIMA RC4 520 カーボンサイト LH ブラック","ブラック","90000000000000000335","LH ","12483","7000000000331","1","4120","2","","1","1","請求書"
"248","2026/06/26 11:48:29","1","0","375628","0","375628","25487","350141","350141","0","0","0","【2025NEW】FIVICS VELLATOR センタースタビライザー28インチブラック","ブラック","90000000000000000335","28インチ","12022","4300000000298","1","4120","2","","1","1","請求書"
"248","2026/06/26 11:48:29","1","0","375628","0","375628","25487","350141","350141","0","0","0","【2025NEW】FIVICS VELLATOR サイドロッド12インチブラック","ブラック","90000000000000000335","12インチ","12038","4300000000137","2","4120","2","","1","1","請求書"
"248","2026/06/26 11:48:29","1","0","375628","0","375628","25487","350141","350141","0","0","0","FIVICS  アルミニウムエクステンダーロッド 4インチ ","","90000000000000000335","4インチ","1166","2011000103026","1","4120","2","","1","1","請求書"
"248","2026/06/26 11:48:29","1","0","375628","0","375628","25487","350141","350141","0","0","0","FIVICS LOK V-バー 45° ","","90000000000000000335","45°","1385","2011000108038","1","4120","2","","1","1","請求書"
"248","2026/06/26 11:48:29","1","0","375628","0","375628","25487","350141","350141","0","0","0","FIVICS VELLATOR ウエイト 中間 ","","90000000000000000335","中間","3023","2611000136019","4","4120","2","","1","1","請求書"
"248","2026/06/26 11:48:29","1","0","375628","0","375628","25487","350141","350141","0","0","0","Beiter プランジャー ブラック ","","90000000000000000335","ブラック","1477","2415000149013","1","4120","2","","1","1","請求書"
"248","2026/06/26 11:48:29","1","0","375628","0","375628","25487","350141","350141","0","0","0","SHIBUYA アルティマ レスト ブラック ","","90000000000000000335","ブラック","1503","2790000154015","1","4120","2","","1","1","請求書"
"248","2026/06/26 11:48:29","1","0","375628","0","375628","25487","350141","350141","0","0","0","Beiter クリッカー 0.25 6/32A","6/32A","90000000000000000335","0.25","1493","2315000151019","1","4120","2","","1","1","請求書"
"248","2026/06/26 11:48:29","1","0","375628","0","375628","25487","350141","350141","0","0","0","CARTEL Tゲージ ブラック ","","90000000000000000335","ブラック","2508","5219000321014","1","4120","2","","1","1","請求書"
"248","2026/06/26 11:48:29","1","0","375628","0","375628","25487","350141","350141","0","0","0","FIVICS UNICO トーナメントクイバー(L)  ブラック","","90000000000000000335","ブラック","2450","5011000303041","1","4120","2","","1","1","請求書"
"248","2026/06/26 11:48:29","1","0","375628","0","375628","25487","350141","350141","0","0","0","FIVICS（新）A2 チェストガード RH ブラック M","ブラックM","90000000000000000335","RH","3273","3311010180239","1","4120","2","","1","1","請求書"
"248","2026/06/26 11:48:29","1","0","375628","0","375628","25487","350141","350141","0","0","0","KOREA ARCHERY Jet6 アームガード ホワイト ","ホワイト","90000000000000000335","","7443","5300000000563","1","4120","2","","1","1","請求書"
"248","2026/06/26 11:48:29","1","0","375628","0","375628","25487","350141","350141","0","0","0","WNS S-AL ボウスタンド ブラック ","","90000000000000000335","ブラック","3785","2100100010089","1","4120","2","","1","1","請求書"
"248","2026/06/26 11:48:29","1","0","375628","0","375628","25487","350141","350141","0","0","0","SHIBUYA TRANSPORTER 56.5L ケース マットホワイト ","","90000000000000000335","マットホワイト","2542","4090000331026","1","4120","2","","1","1","請求書"
"248","2026/06/26 11:48:29","1","0","375628","0","375628","25487","350141","350141","0","0","0","FIVICS リムプロテクター ブラック ","","90000000000000000335","ブラック","1696","3311000188016","1","4120","2","","1","1","請求書"
"248","2026/06/26 11:48:29","1","0","375628","0","375628","25487","350141","350141","0","0","0","FLEX アロープラー2.0 ブラック ","","90000000000000000335","ブラック","4095","8600100010071","1","4120","2","","1","1","請求書"
"247","2026/06/26 10:33:32","1","0","379236","0","379236","0","379236","379236","0","0","0","FIVICS AUTOMATIC ボウスタンド ロング ","","90000000000000000002","ロング","2515","4111000324006","3","312","2","","1","1","請求書"
"247","2026/06/26 10:33:32","1","0","379236","0","379236","0","379236","379236","0","0","0","FIVICS SAKER 2 タブ コードバン RH S","S","90000000000000000002","RH","1631","3111000177047","10","312","2","","1","1","請求書"
"247","2026/06/26 10:33:32","1","0","379236","0","379236","0","379236","379236","0","0","0","FIVICS AUTOMATIC ボウスタンド ショート ","","90000000000000000002","ショート","2513","4111000323009","10","312","2","","1","1","請求書"
"247","2026/06/26 10:33:32","1","0","379236","0","379236","0","379236","379236","0","0","0","FIVICS SAKER 1 タブ コードバン RH S","S","90000000000000000002","RH","1613","3111000175043","2","312","2","","1","1","請求書"
"247","2026/06/26 10:33:32","1","0","379236","0","379236","0","379236","379236","0","0","0","FIVICS FS004D フィンガースペーサー レッド ","","90000000000000000002","レッド","2671","3211000394038","2","312","2","","1","1","請求書"
"247","2026/06/26 10:33:32","1","0","379236","0","379236","0","379236","379236","0","0","0","KOREA ARCHERY Jet6 アームガード イエロー ","イエロー","90000000000000000002","","2934","3323000635049","3","312","2","","1","1","請求書"
"247","2026/06/26 10:33:32","1","0","379236","0","379236","0","379236","379236","0","0","0","FIVICS ハーネスジェル アームガード イエロー ","イエロー","90000000000000000002","","1692","3311000186050","1","312","2","","1","1","請求書"
"247","2026/06/26 10:33:32","1","0","379236","0","379236","0","379236","379236","0","0","0","FIVICS ハーネスジェル アームガード パープル ","パープル","90000000000000000002","","1694","3311000186074","1","312","2","","1","1","請求書"
"247","2026/06/26 10:33:32","1","0","379236","0","379236","0","379236","379236","0","0","0","KOREA ARCHERY JET6 ベイン1.75 インチ LH ブルー","ブルー","90000000000000000002","LH","2908","6123000632102","2","312","2","","1","1","請求書"
"247","2026/06/26 10:33:32","1","0","379236","0","379236","0","379236","379236","0","0","0","KOREA ARCHERY JET6 S ベイン RH ブルー","ブルー","90000000000000000002","RH","7387","1600000000513","2","312","2","","1","1","請求書"
"247","2026/06/26 10:33:32","1","0","379236","0","379236","0","379236","379236","0","0","0","KOREA ARCHERY JET6 S ベイン RH レッド","レッド","90000000000000000002","RH","7388","1600000000506","2","312","2","","1","1","請求書"
"247","2026/06/26 10:33:32","1","0","379236","0","379236","0","379236","379236","0","0","0","KOREA ARCHERY JET6 S ベイン RH ピンク","ピンク","90000000000000000002","RH","7391","1600000000476","2","312","2","","1","1","請求書"
"247","2026/06/26 10:33:32","1","0","379236","0","379236","0","379236","379236","0","0","0","FIVICS SAKER 1 タブ RH S","S","90000000000000000002","RH","1521","3011000160035","5","312","2","","1","1","請求書"
"247","2026/06/26 10:33:32","1","0","379236","0","379236","0","379236","379236","0","0","0","KOREA ARCHERY JET6 S ベイン RH ホワイト","ホワイト","90000000000000000002","RH","7385","1600000000537","2","312","2","","1","1","請求書"
"247","2026/06/26 10:33:32","1","0","379236","0","379236","0","379236","379236","0","0","0","FIVICS SAKER 1 タブ RH M","M","90000000000000000002","RH","1520","3011000160028","1","312","2","","1","1","請求書"
"247","2026/06/26 10:33:32","1","0","379236","0","379236","0","379236","379236","0","0","0","FIVICS SAKER 2 タブ RH XS","XS","90000000000000000002","RH","1534","3011000162046","5","312","2","","1","1","請求書"
"247","2026/06/26 10:33:32","1","0","379236","0","379236","0","379236","379236","0","0","0","FIVICS SAKER 2 タブ RH L","L","90000000000000000002","RH","1531","3011000162015","1","312","2","","1","1","請求書"
"247","2026/06/26 10:33:32","1","0","379236","0","379236","0","379236","379236","0","0","0","FIVICS SAKER 2 タブ LH S","S","90000000000000000002","LH","1538","3011000162084","1","312","2","","1","1","請求書"
"247","2026/06/26 10:33:32","1","0","379236","0","379236","0","379236","379236","0","0","0","FIVICS SAKER 3 タブ RH S","S","90000000000000000002","RH","1543","3011000163036","3","312","2","","1","1","請求書"
"247","2026/06/26 10:33:32","1","0","379236","0","379236","0","379236","379236","0","0","0","FIVICS FS001P プラスチック フィンガースペーサー  ","","90000000000000000002","","2668","3211000393000","10","312","2","","1","1","請求書"
"247","2026/06/26 10:33:32","1","0","379236","0","379236","0","379236","379236","0","0","0","FIVICS FS004T フィンガースペーサー  ","","90000000000000000002","","2675","3211000395004","5","312","2","","1","1","請求書"
"247","2026/06/26 10:33:32","1","0","379236","0","379236","0","379236","379236","0","0","0","FIVICS FS004D フィンガースペーサー パープル ","","90000000000000000002","パープル","2674","3211000394069","3","312","2","","1","1","請求書"
"247","2026/06/26 10:33:32","1","0","379236","0","379236","0","379236","379236","0","0","0","KOREA ARCHERY Jet6 アームガード ブラック ","ブラック","90000000000000000002","","2931","3323000635018","10","312","2","","1","1","請求書"
"247","2026/06/26 10:33:32","1","0","379236","0","379236","0","379236","379236","0","0","0","KOREA ARCHERY Jet6 アームガード  グリーン","グリーン","90000000000000000002","","3019","3323000635087","3","312","2","","1","1","請求書"
"247","2026/06/26 10:33:32","1","0","379236","0","379236","0","379236","379236","0","0","0","KOREA ARCHERY Jet6 アームガード  ピンク","ピンク","90000000000000000002","","3016","3323000635056","5","312","2","","1","1","請求書"
"246","2026/06/26 09:15:46","1","0","303408","0","303408","19404","284004","284004","0","0","0","FIVICS WIND チェストガード(RH) S ブルー","ブルー","90000000000000000334","S","1673","3311000183066","2","4119","2","","1","1","請求書"
"246","2026/06/26 09:15:46","1","0","303408","0","303408","19404","284004","284004","0","0","0","FIVICS WIND チェストガード(RH) S ブラック","ブラック","90000000000000000334","S","1670","3311000183035","2","4119","2","","1","1","請求書"
"246","2026/06/26 09:15:46","1","0","303408","0","303408","19404","284004","284004","0","0","0","FIVICS WIND チェストガード(RH) S ホワイト","ホワイト","90000000000000000334","S","1679","3311000183127","2","4119","2","","1","1","請求書"
"246","2026/06/26 09:15:46","1","0","303408","0","303408","19404","284004","284004","0","0","0","FIVICS WIND チェストガード(RH) S レッド","レッド","90000000000000000334","S","1676","3311000183097","1","4119","2","","1","1","請求書"
"246","2026/06/26 09:15:46","1","0","303408","0","303408","19404","284004","284004","0","0","0","FIVICS SAKER 1 タブ RH S","S","90000000000000000334","RH","1521","3011000160035","5","4119","2","","1","1","請求書"
"246","2026/06/26 09:15:46","1","0","303408","0","303408","19404","284004","284004","0","0","0","FIVICS SAKER 1 タブ RH XS","XS","90000000000000000334","RH","1522","3011000160042","1","4119","2","","1","1","請求書"
"246","2026/06/26 09:15:46","1","0","303408","0","303408","19404","284004","284004","0","0","0","FIVICS SAKER 1 タブ RH M","M","90000000000000000334","RH","1520","3011000160028","1","4119","2","","1","1","請求書"
"246","2026/06/26 09:15:46","1","0","303408","0","303408","19404","284004","284004","0","0","0","KOREA ARCHERY Jet6 アームガード ブルー ","ブルー","90000000000000000334","","2932","3323000635025","3","4119","2","","1","1","請求書"
"246","2026/06/26 09:15:46","1","0","303408","0","303408","19404","284004","284004","0","0","0","KOREA ARCHERY Jet6 アームガード イエロー ","イエロー","90000000000000000334","","2934","3323000635049","1","4119","2","","1","1","請求書"
"246","2026/06/26 09:15:46","1","0","303408","0","303408","19404","284004","284004","0","0","0","KOREA ARCHERY Jet6 アームガード ホワイト ","ホワイト","90000000000000000334","","7443","5300000000563","2","4119","2","","1","1","請求書"
"246","2026/06/26 09:15:46","1","0","303408","0","303408","19404","284004","284004","0","0","0","KOREA ARCHERY Jet6 アームガード レッド ","レッド","90000000000000000334","","2933","3323000635032","1","4119","2","","1","1","請求書"
"246","2026/06/26 09:15:46","1","0","303408","0","303408","19404","284004","284004","0","0","0","Sherwood ストリンガー ブルー ","","90000000000000000334","ブルー","3313","8000000000187","4","4119","2","","1","1","請求書"
"246","2026/06/26 09:15:46","1","0","303408","0","303408","19404","284004","284004","0","0","0","Sherwood ストリンガー ブラック ","","90000000000000000334","ブラック","3312","8000000000194","2","4119","2","","1","1","請求書"
"246","2026/06/26 09:15:46","1","0","303408","0","303408","19404","284004","284004","0","0","0","Sherwood ストリンガー レッド ","","90000000000000000334","レッド","3314","8000000000170","1","4119","2","","1","1","請求書"
"246","2026/06/26 09:15:46","1","0","303408","0","303408","19404","284004","284004","0","0","0","EASTON フリップサイド 2tubeクイバー ブルー ","","90000000000000000334","ブルー","3942","1700100010280","2","4119","2","","1","1","請求書"
"246","2026/06/26 09:15:46","1","0","303408","0","303408","19404","284004","284004","0","0","0","EASTON フリップサイド 2tubeクイバー ブラック ","","90000000000000000334","ブラック","3941","1700100010297","4","4119","2","","1","1","請求書"
"246","2026/06/26 09:15:46","1","0","303408","0","303408","19404","284004","284004","0","0","0","EASTON フリップサイド 2tubeクイバー レッド ","","90000000000000000334","レッド","3943","1700100010273","1","4119","2","","1","1","請求書"
"246","2026/06/26 09:15:46","1","0","303408","0","303408","19404","284004","284004","0","0","0","","","90000000000000000334","","","","7","4119","2","","1","1","請求書"
"245","2026/06/26 09:12:59","1","0","-43344","0","-43344","-2772","-40572","-40572","0","0","0","FIVICS WIND チェストガード(RH) S ブルー","ブルー","90000000000000000326","S","1673","3311000183066","1","4111","2","","1","1","請求書"
"245","2026/06/26 09:12:59","1","0","-43344","0","-43344","-2772","-40572","-40572","0","0","0","FIVICS SAKER 1 タブ RH S","S","90000000000000000326","RH","1521","3011000160035","1","4111","2","","1","1","請求書"
"245","2026/06/26 09:12:59","1","0","-43344","0","-43344","-2772","-40572","-40572","0","0","0","KOREA ARCHERY Jet6 アームガード ブルー ","ブルー","90000000000000000326","","2932","3323000635025","1","4111","2","","1","1","請求書"
"245","2026/06/26 09:12:59","1","0","-43344","0","-43344","-2772","-40572","-40572","0","0","0","Sherwood ストリンガー ブルー ","","90000000000000000326","ブルー","3313","8000000000187","1","4111","2","","1","1","請求書"
"245","2026/06/26 09:12:59","1","0","-43344","0","-43344","-2772","-40572","-40572","0","0","0","EASTON フリップサイド 2tubeクイバー ブルー ","","90000000000000000326","ブルー","3942","1700100010280","1","4111","2","","1","1","請求書"
"245","2026/06/26 09:12:59","1","0","-43344","0","-43344","-2772","-40572","-40572","0","0","0","","","90000000000000000326","","","","1","4111","2","","1","1","請求書"
"244","2026/06/26 09:12:35","1","0","43344","0","43344","2772","40572","40572","0","0","0","FIVICS WIND チェストガード(RH) S ブルー","ブルー","90000000000000000326","S","1673","3311000183066","1","4111","2","","1","1","請求書"
"244","2026/06/26 09:12:35","1","0","43344","0","43344","2772","40572","40572","0","0","0","FIVICS SAKER 1 タブ RH S","S","90000000000000000326","RH","1521","3011000160035","1","4111","2","","1","1","請求書"
"244","2026/06/26 09:12:35","1","0","43344","0","43344","2772","40572","40572","0","0","0","KOREA ARCHERY Jet6 アームガード ブルー ","ブルー","90000000000000000326","","2932","3323000635025","1","4111","2","","1","1","請求書"
"244","2026/06/26 09:12:35","1","0","43344","0","43344","2772","40572","40572","0","0","0","Sherwood ストリンガー ブルー ","","90000000000000000326","ブルー","3313","8000000000187","1","4111","2","","1","1","請求書"
"244","2026/06/26 09:12:35","1","0","43344","0","43344","2772","40572","40572","0","0","0","EASTON フリップサイド 2tubeクイバー ブルー ","","90000000000000000326","ブルー","3942","1700100010280","1","4111","2","","1","1","請求書"
"244","2026/06/26 09:12:35","1","0","43344","0","43344","2772","40572","40572","0","0","0","","","90000000000000000326","","","","1","4111","2","","1","1","請求書"
"243","2026/06/26 08:56:40","1","0","199914","0","199914","19921","179993","179993","0","0","0","MK ZX ハンドル  RH ネイビー","ネイビー","90000000000000000319","RH","14541","3600100010694","1","4103","2","","1","1","請求書"
"243","2026/06/26 08:56:40","1","0","199914","0","199914","19921","179993","179993","0","0","0","FIVICS リムプロテクター ブラック ","","90000000000000000319","ブラック","1696","3311000188016","1","4103","2","","1","1","請求書"
"243","2026/06/26 08:56:40","1","0","199914","0","199914","19921","179993","179993","0","0","0","FLEX アロープラー2.0 ブラック ","","90000000000000000319","ブラック","4095","8600100010071","1","4103","2","","1","1","請求書"
"243","2026/06/26 08:56:40","1","0","199914","0","199914","19921","179993","179993","0","0","0","FIVICS UNICO トーナメントクイバー(L)  ネイビーブルー ","","90000000000000000319","ネイビーブルー","2449","5011000303034","1","4103","2","","1","1","請求書"
"242","2026/06/25 18:05:24","1","0","176","0","176","0","176","176","176","0","0","SHIBUYA SR-5 レスト用両面テープ  ","","","","3699","1000000000030","1","","2","","3","",""
"241","2026/06/25 16:59:19","1","0","165000","0","165000","16500","148500","148500","0","0","0","MK XD リム M 40","40","90000000000000000325","M","14593","3900100011241","1","4109","2","","1","1","請求書"
"240","2026/06/25 09:42:03","1","0","260502","0","260502","260502","0","0","0","0","0","FIVICS  SKADI-TX ハンドル25"" RH レッド","レッド","","RH","92","1011000452033","1","","2","","1","1","請求書"
"240","2026/06/25 09:42:03","1","0","260502","0","260502","260502","0","0","0","0","0","RANGE-O-MATIC スピンウィングベイン 45mm RH ブラック","ブラック","","RH","2432","6117000302059","2","","2","","1","1","請求書"
"240","2026/06/25 09:42:03","1","0","260502","0","260502","260502","0","0","0","0","0","FIVICS SKADIタブ RH L（ブルー）","L（ブルー）","","RH","6200","8100000000078","1","","2","","1","1","請求書"
"240","2026/06/25 09:42:03","1","0","260502","0","260502","260502","0","0","0","0","0","FIVICS ピンノック(S) クリアオレンジ ","","","クリアオレンジ","2286","6111000287057","1","","2","","1","1","請求書"
"240","2026/06/25 09:42:03","1","0","260502","0","260502","260502","0","0","0","0","0","FIVICS FIVE-X インサートピン 0line 700～1000","700～1000","","0line","1823","6011000212021","1","","2","","1","1","請求書"
"240","2026/06/25 09:42:03","1","0","260502","0","260502","260502","0","0","0","0","0","FIVICS FIVE-X ステンレスポイント 3X 750～1000","750～1000","","3X","1802","6011000200035","1","","2","","1","1","請求書"
"240","2026/06/25 09:42:03","1","0","260502","0","260502","260502","0","0","0","0","0","FIVICS TENFIX タブ コードバン RH M","M","","RH","1596","3111000171021","1","","2","","1","1","請求書"
"240","2026/06/25 09:42:03","1","0","260502","0","260502","260502","0","0","0","0","0","FIVICS TENFIX タブ バックスキン M ","","","M","1602","3111000172028","1","","2","","1","1","請求書"
"240","2026/06/25 09:42:03","1","0","260502","0","260502","260502","0","0","0","0","0","RANGE-O-MATIC スピンウィングベイン 45mm RH イエロー","イエロー","","RH","2430","6117000302035","2","","2","","1","1","請求書"
"240","2026/06/25 09:42:03","1","0","260502","0","260502","260502","0","0","0","0","0","Beiter アウトノック 4.5/1 X (1個) オレンジ ","","","オレンジ","2337","6115000293056","24","","2","","1","1","請求書"
"240","2026/06/25 09:42:03","1","0","260502","0","260502","260502","0","0","0","0","0","WJ SPORTS グリップテープ ブラック ","","","ブラック","2870","9413000425017","1","","2","","1","1","請求書"
"240","2026/06/25 09:42:03","1","0","260502","0","260502","260502","0","0","0","0","0","FIVICS SAKER 2 タブ RH M","M","","RH","1532","3011000162022","2","","2","","1","1","請求書"
"240","2026/06/25 09:42:03","1","0","260502","0","260502","260502","0","0","0","0","0","FIVICS SAKER 2 タブ コードバン RH M","M","","RH","1630","3111000177030","1","","2","","1","1","請求書"
"240","2026/06/25 09:42:03","1","0","260502","0","260502","260502","0","0","0","0","0","FIVICS SAKER 2 タブ バックスキン M ","","","M","1642","3111000178037","1","","2","","1","1","請求書"
"240","2026/06/25 09:42:03","1","0","260502","0","260502","260502","0","0","0","0","0","FIVICS SKADI コードバン","RH","","M","12066","5200000000276","1","","2","","1","1","請求書"
"240","2026/06/25 09:42:03","1","0","260502","0","260502","260502","0","0","0","0","0","FIVICS SKADI バックスキン","","","M","12074","5200000000191","1","","2","","1","1","請求書"
"240","2026/06/25 09:42:03","1","0","260502","0","260502","260502","0","0","0","0","0","【アウトレット】FIVICS A2 チェストガード（RH） S ブルー ","ブルー","","S","1654","3311000181062","1","","2","","1","1","請求書"
"240","2026/06/25 09:42:03","1","0","260502","0","260502","260502","0","0","0","0","0","KOREA ARCHERY JET6 ベイン 2 インチ LH ホワイト","ホワイト","","LH","2939","6123000633185","2","","2","","1","1","請求書"
"239","2026/06/24 20:06:47","1","0","331414","0","331414","0","331414","331414","0","331414","0","MK ZX ハンドル  RH ネイビー","ネイビー","","RH","14541","3600100010694","1","","2","","3","",""
"239","2026/06/24 20:06:47","1","0","331414","0","331414","0","331414","331414","0","331414","0","FIVICS SKADI-BX センタースタビライザー 28インチ ","","","28インチ","1387","2011000464028","1","","2","","3","",""
"239","2026/06/24 20:06:47","1","0","331414","0","331414","0","331414","331414","0","331414","0","SHIBUYA ULTIMA RC4 520 カーボンサイト RH ブラック","ブラック","","RH ","12479","7000000000379","1","","2","","3","",""
"239","2026/06/24 20:06:47","1","0","331414","0","331414","0","331414","331414","0","331414","0","Beiter プランジャー ブラック ","","","ブラック","1477","2415000149013","1","","2","","3","",""
"239","2026/06/24 20:06:47","1","0","331414","0","331414","0","331414","331414","0","331414","0","ARICO STRING 66インチ16本 N ","","","N","2777","9210000421052","1","","2","","3","",""
"239","2026/06/24 20:06:47","1","0","331414","0","331414","0","331414","331414","0","331414","0","FIVICS SAKER 1 タブ RH M","M","","RH","1520","3011000160028","1","","2","","3","",""
"239","2026/06/24 20:06:47","1","0","331414","0","331414","0","331414","331414","0","331414","0","ARICO フィンガースリング グリーン ","","","グリーン","2701","8011000406022","1","","2","","3","",""
"239","2026/06/24 20:06:47","1","0","331414","0","331414","0","331414","331414","0","331414","0","FIVICS リムプロテクター ブラック ","","","ブラック","1696","3311000188016","1","","2","","3","",""
"239","2026/06/24 20:06:47","1","0","331414","0","331414","0","331414","331414","0","331414","0","FIVICS バックパック ブラック","ブラック","","","12498","2200000000286","1","","2","","3","",""
"239","2026/06/24 20:06:47","1","0","331414","0","331414","0","331414","331414","0","331414","0","CARTEL Tゲージ ブラック ","","","ブラック","2508","5219000321014","1","","2","","3","",""
"238","2026/06/24 18:26:15","1","0","132000","0","132000","13200","118800","118800","0","0","0","シューティングトレーナー","","90000000000000000069","","12512","2900000000117","2","246","2","","1","1","請求書"
"237","2026/06/24 17:46:42","8","0","","","","","","","","","","","","90000000000000000069","","","","","246","2","","3","",""
"236","2026/06/24 14:12:10","1","0","180400","0","180400","27060","153340","153340","0","153340","0","MK ZX ハンドル  RH カメレオンパープル","カメレオンパープル","","RH","18407","3600100010793","1","","2","","3","",""
"235","2026/06/24 14:03:09","1","0","3432","0","3432","0","3432","3432","3432","0","0","【ダース販売】EASTON Gノック S グリーン ","","","グリーン","18438","1500000001667","2","","2","","3","",""
"234","2026/06/24 14:02:39","1","0","-3432","0","-3432","0","-3432","-3532","-3532","0","-100","【ダース販売】EASTON Gノック S レモンライム ","","","レモンライム","18443","1500000001711","2","","2","","3","",""
"233","2026/06/24 13:57:06","1","0","3432","0","3432","0","3432","3532","3532","0","100","【ダース販売】EASTON Gノック S レモンライム ","","","レモンライム","18443","1500000001711","2","","2","","3","",""
"232","2026/06/23 19:13:34","1","0","155906","0","155906","0","155906","155906","0","0","0","MK X-ON ハンドル 25"" RH スカイブルー","スカイブルー","90000000000000000006","RH","218","1012000010025","1","309","2","","1","1","請求書"
"232","2026/06/23 19:13:34","1","0","155906","0","155906","0","155906","155906","0","0","0","MK X-ON ハンドル 25"" RH レッド","レッド","90000000000000000006","RH","219","1012000010032","1","309","2","","1","1","請求書"
"231","2026/06/23 15:37:00","1","0","2530","0","2530","2530","0","0","0","0","0","FIVICS ORGANIC X アームガード ブラック ","","","ブラック","1680","3311000184018","1","","2","","1","",""
"230","2026/06/23 12:38:23","1","0","220160","0","220160","18826","201334","201334","0","0","0","MK ZX ハンドル  LH パステルイエロー","パステルイエロー","90000000000000000321","LH","18434","3600100010861","1","4105","2","","1","1","請求書"
"230","2026/06/23 12:38:23","1","0","220160","0","220160","18826","201334","201334","0","0","0","HOYT スーパーレスト LH ","","90000000000000000321","LH","2945","2716000153018","3","4105","2","","1","1","請求書"
"230","2026/06/23 12:38:23","1","0","220160","0","220160","18826","201334","201334","0","0","0","SHIBUYA チェストガード LH（左射ち用） S ホワイト","ホワイト","90000000000000000321","S","3378","5400000000164","1","4105","2","","1","1","請求書"
"230","2026/06/23 12:38:23","1","0","220160","0","220160","18826","201334","201334","0","0","0","KOREA ARCHERY Jet6 アームガード ホワイト ","ホワイト","90000000000000000321","","7443","5300000000563","1","4105","2","","1","1","請求書"
"230","2026/06/23 12:38:23","1","0","220160","0","220160","18826","201334","201334","0","0","0","EASTON フリップサイド 4tubeクイバー ブラック ","","90000000000000000321","ブラック","5098","1700100010464","1","4105","2","","1","1","請求書"
"230","2026/06/23 12:38:23","1","0","220160","0","220160","18826","201334","201334","0","0","0","ARICO STRING 66インチ16本 N ","","90000000000000000321","N","2777","9210000421052","1","4105","2","","1","1","請求書"
"230","2026/06/23 12:38:23","1","0","220160","0","220160","18826","201334","201334","0","0","0","KOREA ARCHERY Jet6アロープラー  ブラック","ブラック","90000000000000000321","","3020","5111000316017","1","4105","2","","1","1","請求書"
"230","2026/06/23 12:38:23","1","0","220160","0","220160","18826","201334","201334","0","0","0","EASTON CLUB-XT リカーブバックパック ブラック ","","90000000000000000321","ブラック","3324","4000000000006","1","4105","2","","1","1","請求書"
"229","2026/06/23 09:46:26","1","0","378714","0","378714","29067","349647","349647","0","0","0","FIVICS ONIX ハンドル 25"" RH ブラックピンク","ブラックピンク","90000000000000000320","RH ","12386","3700000000327","1","4104","2","","1","1","請求書"
"229","2026/06/23 09:46:26","1","0","378714","0","378714","29067","349647","349647","0","0","0","FIVICS SKADI-BX センタースタビライザー 26インチ ","","90000000000000000320","26インチ","1386","2011000464011","1","4104","2","","1","1","請求書"
"229","2026/06/23 09:46:26","1","0","378714","0","378714","29067","349647","349647","0","0","0","FIVICS SKADI-BX サイドロッド 12インチ ","","90000000000000000320","12インチ","1391","2011000465032","2","4104","2","","1","1","請求書"
"229","2026/06/23 09:46:26","1","0","378714","0","378714","29067","349647","349647","0","0","0","FIVICS SKADI エクステンダーロッド 4インチ ","","90000000000000000320","4インチ","1394","2011000466022","1","4104","2","","1","1","請求書"
"229","2026/06/23 09:46:26","1","0","378714","0","378714","29067","349647","349647","0","0","0","FIVICS LOK V-バー 40° ","","90000000000000000320","40°","1384","2011000108021","1","4104","2","","1","1","請求書"
"229","2026/06/23 09:46:26","1","0","378714","0","378714","29067","349647","349647","0","0","0","SHIBUYA ULTIMA RC4 520 カーボンサイト RH ガンメタル","ガンメタル","90000000000000000320","RH ","12482","7000000000348","1","4104","2","","1","1","請求書"
"229","2026/06/23 09:46:26","1","0","378714","0","378714","29067","349647","349647","0","0","0","Beiter プランジャー ブラック ","","90000000000000000320","ブラック","1477","2415000149013","1","4104","2","","1","1","請求書"
"229","2026/06/23 09:46:26","1","0","378714","0","378714","29067","349647","349647","0","0","0","HOYT スーパーレスト RH ","","90000000000000000320","RH","1507","2716000153001","3","4104","2","","1","1","請求書"
"229","2026/06/23 09:46:26","1","0","378714","0","378714","29067","349647","349647","0","0","0","Beiter クリッカー ブラックブレード 0.25 6/32A","6/32A","90000000000000000320","0.25","1497","2315000152016","1","4104","2","","1","1","請求書"
"229","2026/06/23 09:46:26","1","0","378714","0","378714","29067","349647","349647","0","0","0","","","90000000000000000320","","","","1","4104","2","","1","1","請求書"
"229","2026/06/23 09:46:26","1","0","378714","0","378714","29067","349647","349647","0","0","0","","","90000000000000000320","","","","1","4104","2","","1","1","請求書"
"229","2026/06/23 09:46:26","1","0","378714","0","378714","29067","349647","349647","0","0","0","FIVICS インノック クリアグリーン ","","90000000000000000320","クリアグリーン","5136","1500000000677","1","4104","2","","1","1","請求書"
"229","2026/06/23 09:46:26","1","0","378714","0","378714","29067","349647","349647","0","0","0","KOREA ARCHERY JET6 S ベイン RH ブルー","ブルー","90000000000000000320","RH","7387","1600000000513","1","4104","2","","1","1","請求書"
"229","2026/06/23 09:46:26","1","0","378714","0","378714","29067","349647","349647","0","0","0","FIVICS TENFIX タブ RH M","M","90000000000000000320","RH","1509","3011000157028","1","4104","2","","1","1","請求書"
"229","2026/06/23 09:46:26","1","0","378714","0","378714","29067","349647","349647","0","0","0","ARICO STRING 68インチ16本 N ","","90000000000000000320","N","2807","9210000430054","1","4104","2","","1","1","請求書"
"229","2026/06/23 09:46:26","1","0","378714","0","378714","29067","349647","349647","0","0","0","CARTEL Tゲージ シルバー ","","90000000000000000320","シルバー","2509","5219000321021","1","4104","2","","1","1","請求書"
"229","2026/06/23 09:46:26","1","0","378714","0","378714","29067","349647","349647","0","0","0","EASTON CLUB-XT リカーブバックパック グレー ","","90000000000000000320","グレー","3321","4000000000037","1","4104","2","","1","1","請求書"
"228","2026/06/21 22:12:15","1","0","28160","0","28160","28160","0","0","0","0","0","EASTON ワールドカップ 4517 ボウケース  ","","90000000000000000228","","7294","1110000000012","1","87","2","","1","",""
"227","2026/06/21 21:58:33","1","0","526680","0","526680","526680","0","0","0","0","0","AXCEL コンツアータブ RH S","S","90000000000000000228","RH","4712","4800100010598","1","87","2","","1","",""
"227","2026/06/21 21:58:33","1","0","526680","0","526680","526680","0","0","0","0","0","TRUGLO ボウジャック  ミニ","","90000000000000000228","","12012","1120000000028","2","87","2","","1","",""
"227","2026/06/21 21:58:33","1","0","526680","0","526680","526680","0","0","0","0","0","T.R.U.BALL ブレードプロフレックス  M  パープル","パープル","90000000000000000228","M","7109","1070000000149","1","87","2","","1","",""
"227","2026/06/21 21:58:33","1","0","526680","0","526680","526680","0","0","0","0","0","AXCEL アチーブXP PRO コンパウンドサイト RH パープル","パープル","90000000000000000228","RH","7036","1130000000263","1","87","2","","1","",""
"227","2026/06/21 21:58:33","1","0","526680","0","526680","526680","0","0","0","0","0","WIAWIS LX ウエイト ヘッド ","","90000000000000000228","ヘッド","6323","6010000000027","3","87","2","","1","",""
"227","2026/06/21 21:58:33","1","0","526680","0","526680","526680","0","0","0","0","0","AAE エリートベイン（50枚） 16 ブラック","ブラック","90000000000000000228","16","5543","1600100012287","4","87","2","","1","",""
"227","2026/06/21 21:58:33","1","0","526680","0","526680","526680","0","0","0","0","0","AAE エリートベイン（50枚） 16 ブルー","ブルー","90000000000000000228","16","5544","1600100012270","3","87","2","","1","",""
"227","2026/06/21 21:58:33","1","0","526680","0","526680","526680","0","0","0","0","0","AAE エリートベイン（50枚） 16 グリーン","グリーン","90000000000000000228","16","5547","1600100012249","3","87","2","","1","",""
"227","2026/06/21 21:58:33","1","0","526680","0","526680","526680","0","0","0","0","0","AAE エリートベイン（50枚） 16 ピンク","ピンク","90000000000000000228","16","5548","1600100012232","2","87","2","","1","",""
"227","2026/06/21 21:58:33","1","0","526680","0","526680","526680","0","0","0","0","0","AAE エリートベイン（50枚） 16 パープル","パープル","90000000000000000228","16","5549","1600100012225","2","87","2","","1","",""
"227","2026/06/21 21:58:33","1","0","526680","0","526680","526680","0","0","0","0","0","AAE エリートベイン（50枚） 16 ホワイト","ホワイト","90000000000000000228","16","5542","1600100012294","4","87","2","","1","",""
"227","2026/06/21 21:58:33","1","0","526680","0","526680","526680","0","0","0","0","0","AAE エリートベイン（50枚） 16 イエロー","イエロー","90000000000000000228","16","5551","1600100012201","2","87","2","","1","",""
"227","2026/06/21 21:58:33","1","0","526680","0","526680","526680","0","0","0","0","0","GASPRO インドアエフィシェントベイン 4インチ（ RHのみ） ブルー ","","90000000000000000228","ブルー","5044","1600100011327","1","87","2","","1","",""
"227","2026/06/21 21:58:33","1","0","526680","0","526680","526680","0","0","0","0","0","EASTON フリップサイド 2tubeクイバー レッド ","","90000000000000000228","レッド","3943","1700100010273","2","87","2","","1","",""
"227","2026/06/21 21:58:33","1","0","526680","0","526680","526680","0","0","0","0","0","EASTON CLUB-XT リカーブバックパック レッド ","","90000000000000000228","レッド","3322","4000000000020","1","87","2","","1","",""
"227","2026/06/21 21:58:33","1","0","526680","0","526680","526680","0","0","0","0","0","EASTON CLUB-XT リカーブバックパック ブルー ","","90000000000000000228","ブルー","3323","4000000000013","1","87","2","","1","",""
"227","2026/06/21 21:58:33","1","0","526680","0","526680","526680","0","0","0","0","0","GASPRO X-SHIELDスピンベイン RH ホワイト×オレンジ","ホワイト×オレンジ","90000000000000000228","RH","5034","1600100011426","1","87","2","","1","",""
"227","2026/06/21 21:58:33","1","0","526680","0","526680","526680","0","0","0","0","0","CARTEL Tゲージ ブラック ","","90000000000000000228","ブラック","2508","5219000321014","1","87","2","","1","",""
"227","2026/06/21 21:58:33","1","0","526680","0","526680","526680","0","0","0","0","0","WNS SJA-50 サイトロング RH ブラック","ブラック","90000000000000000228","RH","3418","7000000000119","1","87","2","","1","",""
"227","2026/06/21 21:58:33","1","0","526680","0","526680","526680","0","0","0","0","0","WIN&WIN ATF-X ハンドル RH ブラック/レッド","ブラック/レッド","90000000000000000228","RH","259","1020000016015","1","87","2","","1","",""
"227","2026/06/21 21:58:33","1","0","526680","0","526680","526680","0","0","0","0","0","T.R.U.BALL ストーカー","","90000000000000000228","","7117","1070000000064","1","87","2","","1","",""
"227","2026/06/21 21:58:33","1","0","526680","0","526680","526680","0","0","0","0","0","HOYT RCRV Compハンドル RH ジェットブラック","ジェットブラック","90000000000000000228","RH","7308","3801000000055","1","87","2","","1","",""
"226","2026/06/21 16:45:49","1","0","192500","0","192500","20460","172040","172040","0","172040","0","MK ZX ハンドル  RH カメレオンパープル","カメレオンパープル","90000000000000000322","RH","18407","3600100010793","1","4106","2","","3","",""
"226","2026/06/21 16:45:49","1","0","192500","0","192500","20460","172040","172040","0","172040","0","FIVICS ACCENDO トーナメントクイバー パープル ","","90000000000000000322","パープル","2495","5011000306042","1","4106","2","","3","",""
"225","2026/06/21 16:34:52","1","0","1980","0","1980","1980","0","0","0","0","0","KOREA ARCHERY Jet6 アームガード  パープル","パープル","","","3017","3323000635063","1","","2","","3","",""
"224","2026/06/21 09:59:48","1","0","7128","0","7128","0","7128","7128","0","7128","0","加工費 フェザー貼り   ","","","","2712","9010000414005","12","","2","","3","",""
"224","2026/06/21 09:59:48","1","0","7128","0","7128","0","7128","7128","0","7128","0","加工費 ピン&ノック装着   ","","","","2710","9010000412001","12","","2","","3","",""
"223","2026/06/21 09:53:18","1","0","7700","0","7700","0","7700","7700","0","7700","0","レッスン  ","","","","7315","7800000000030","1","","2","","3","",""
"222","2026/06/20 20:54:57","1","0","19800","0","19800","0","19800","19800","0","19800","0","GAS BOWSTRINGS ハイオクタン コンプリートセット","","","","18368","1210000000033","1","","2","","3","",""
"221","2026/06/20 19:50:29","1","0","1584","0","1584","158","1426","1426","0","1426","0","ARICO フィンガースリング グリーン ","","","グリーン","2701","8011000406022","1","","2","","3","",""
"220","2026/06/20 18:18:53","1","0","8800","0","8800","0","8800","8800","0","8800","0","FIVICS SAKER 1 タブ RH XS","XS","","RH","1522","3011000160042","1","","2","","3","",""
"219","2026/06/20 16:45:10","1","0","663713","0","663713","663713","0","0","0","0","0","HOYT GMX3 2026 H25 LH リキッドブラック","リキッドブラック","90000000000000000037","LH","12212","3801000000307","1","278","2","","1","1","請求書"
"219","2026/06/20 16:45:10","1","0","663713","0","663713","663713","0","0","0","0","0","MK ZEST リム (ILF)  S 40ポンド","40ポンド","90000000000000000037","S","4518","3900100011067","1","278","2","","1","1","請求書"
"219","2026/06/20 16:45:10","1","0","663713","0","663713","663713","0","0","0","0","0","MK AWAKE センタースタビライザー 26インチ ","","90000000000000000037","26インチ","7373","4200000000109","1","278","2","","1","1","請求書"
"219","2026/06/20 16:45:10","1","0","663713","0","663713","663713","0","0","0","0","0","MK AWAKE サイドロッド 11インチ ","","90000000000000000037","11インチ","7377","4200000000062","2","278","2","","1","1","請求書"
"219","2026/06/20 16:45:10","1","0","663713","0","663713","663713","0","0","0","0","0","MK AWAKE エクステンダーロッド 5インチ ","","90000000000000000037","5インチ","7382","4200000000017","1","278","2","","1","1","請求書"
"219","2026/06/20 16:45:10","1","0","663713","0","663713","663713","0","0","0","0","0","MK ウエイト（新） 3 72g°","72g°","90000000000000000037","3","4728","9601100010039","1","278","2","","1","1","請求書"
"219","2026/06/20 16:45:10","1","0","663713","0","663713","663713","0","0","0","0","0","MK ウエイト（新） 2 48g°","48g°","90000000000000000037","2","4727","9601100010046","2","278","2","","1","1","請求書"
"219","2026/06/20 16:45:10","1","0","663713","0","663713","663713","0","0","0","0","0","MK Vバー　2 40° ","","90000000000000000037","40°","1179","2012000110014","1","278","2","","1","1","請求書"
"219","2026/06/20 16:45:10","1","0","663713","0","663713","663713","0","0","0","0","0","Beiter プランジャー ブラック ","","90000000000000000037","ブラック","1477","2415000149013","1","278","2","","1","1","請求書"
"219","2026/06/20 16:45:10","1","0","663713","0","663713","663713","0","0","0","0","0","SHIBUYA アルティマ レスト ブラック ","","90000000000000000037","ブラック","1503","2790000154015","1","278","2","","1","1","請求書"
"219","2026/06/20 16:45:10","1","0","663713","0","663713","663713","0","0","0","0","0","Beiter クリッカー ブラックブレード 0.25 6/32A","6/32A","90000000000000000037","0.25","1497","2315000152016","1","278","2","","1","1","請求書"
"219","2026/06/20 16:45:10","1","0","663713","0","663713","663713","0","0","0","0","0","FIVICS AUTOMATIC ボウスタンド ショート ","","90000000000000000037","ショート","2513","4111000323009","1","278","2","","1","1","請求書"
"219","2026/06/20 16:45:10","1","0","663713","0","663713","663713","0","0","0","0","0","SHIBUYA TRANSPORTER 56.5L ケース マットブラック ","","90000000000000000037","マットブラック","2541","4090000331019","1","278","2","","1","1","請求書"
"219","2026/06/20 16:45:10","1","0","663713","0","663713","663713","0","0","0","0","0","CARTEL Tゲージ ブラック ","","90000000000000000037","ブラック","2508","5219000321014","1","278","2","","1","1","請求書"
"219","2026/06/20 16:45:10","1","0","663713","0","663713","663713","0","0","0","0","0","ANGEL DX-WPトーナメントクイバー LH M","M","90000000000000000037","LH","2470","5091000308055","1","278","2","","1","1","請求書"
"219","2026/06/20 16:45:10","1","0","663713","0","663713","663713","0","0","0","0","0","ANGELトーナメントベルト M ","","90000000000000000037","M","2501","5191000313032","1","278","2","","1","1","請求書"
"219","2026/06/20 16:45:10","1","0","663713","0","663713","663713","0","0","0","0","0","FIVICS SAKER 1 タブ LH M","M","90000000000000000037","LH","1525","3011000160073","1","278","2","","1","1","請求書"
"219","2026/06/20 16:45:10","1","0","663713","0","663713","663713","0","0","0","0","0","SHIBUYA チェストガード LH（左射ち用） M ブラック","ブラック","90000000000000000037","M","3373","5400000000218","1","278","2","","1","1","請求書"
"219","2026/06/20 16:45:10","1","0","663713","0","663713","663713","0","0","0","0","0","KOREA ARCHERY Jet6 アームガード ブラック ","ブラック","90000000000000000037","","2931","3323000635018","1","278","2","","1","1","請求書"
"219","2026/06/20 16:45:10","1","0","663713","0","663713","663713","0","0","0","0","0","CARTEL クリアアローケース  ","","90000000000000000037","","2028","6019000286004","1","278","2","","1","1","請求書"
"219","2026/06/20 16:45:10","1","0","663713","0","663713","663713","0","0","0","0","0","EASTON レンチセット ミリ/インチ  ","","90000000000000000037","","4165","8700100010153","1","278","2","","1","1","請求書"
"219","2026/06/20 16:45:10","1","0","663713","0","663713","663713","0","0","0","0","0","FIVICS リムプロテクター ブラック ","","90000000000000000037","ブラック","1696","3311000188016","1","278","2","","1","1","請求書"
"219","2026/06/20 16:45:10","1","0","663713","0","663713","663713","0","0","0","0","0","AAE マグクリップ ブラック ","","90000000000000000037","ブラック","4956","1800100010294","1","278","2","","1","1","請求書"
"219","2026/06/20 16:45:10","1","0","663713","0","663713","663713","0","0","0","0","0","KOREA ARCHERY Jet6アロープラー ブルー ","","90000000000000000037","ブルー","7483","8601000000001","1","278","2","","1","1","請求書"
"219","2026/06/20 16:45:10","1","0","663713","0","663713","663713","0","0","0","0","0","LEVEN/DOINKER Aボム ダンパー  ","","90000000000000000037","","1415","2522000127009","3","278","2","","1","1","請求書"
"219","2026/06/20 16:45:10","1","0","663713","0","663713","663713","0","0","0","0","0","SHIBUYA ULTIMA CP PRO G2 400-6 カーボンサイト LH ガンメタル","ガンメタル","90000000000000000037","LH ","12462","1130000000409","1","278","2","","1","1","請求書"
"218","2026/06/20 16:43:38","1","0","-633793","0","-633793","-633793","0","0","0","0","0","HOYT GMX3 2026 H25 LH リキッドブラック","リキッドブラック","","LH","12212","3801000000307","1","","2","","1","1","請求書"
"218","2026/06/20 16:43:38","1","0","-633793","0","-633793","-633793","0","0","0","0","0","MK ZEST リム (ILF)  S 40ポンド","40ポンド","","S","4518","3900100011067","1","","2","","1","1","請求書"
"218","2026/06/20 16:43:38","1","0","-633793","0","-633793","-633793","0","0","0","0","0","MK AWAKE センタースタビライザー 26インチ ","","","26インチ","7373","4200000000109","1","","2","","1","1","請求書"
"218","2026/06/20 16:43:38","1","0","-633793","0","-633793","-633793","0","0","0","0","0","MK AWAKE サイドロッド 11インチ ","","","11インチ","7377","4200000000062","2","","2","","1","1","請求書"
"218","2026/06/20 16:43:38","1","0","-633793","0","-633793","-633793","0","0","0","0","0","MK AWAKE エクステンダーロッド 5インチ ","","","5インチ","7382","4200000000017","1","","2","","1","1","請求書"
"218","2026/06/20 16:43:38","1","0","-633793","0","-633793","-633793","0","0","0","0","0","MK ウエイト（新） 3 72g°","72g°","","3","4728","9601100010039","1","","2","","1","1","請求書"
"218","2026/06/20 16:43:38","1","0","-633793","0","-633793","-633793","0","0","0","0","0","MK ウエイト（新） 2 48g°","48g°","","2","4727","9601100010046","2","","2","","1","1","請求書"
"218","2026/06/20 16:43:38","1","0","-633793","0","-633793","-633793","0","0","0","0","0","MK Vバー　2 40° ","","","40°","1179","2012000110014","1","","2","","1","1","請求書"
"218","2026/06/20 16:43:38","1","0","-633793","0","-633793","-633793","0","0","0","0","0","SHIBUYA ULTIMA RC4 520 カーボンサイト LH ガンメタル","ガンメタル","","LH ","12486","7000000000300","1","","2","","1","1","請求書"
"218","2026/06/20 16:43:38","1","0","-633793","0","-633793","-633793","0","0","0","0","0","Beiter プランジャー ブラック ","","","ブラック","1477","2415000149013","1","","2","","1","1","請求書"
"218","2026/06/20 16:43:38","1","0","-633793","0","-633793","-633793","0","0","0","0","0","SHIBUYA アルティマ レスト ブラック ","","","ブラック","1503","2790000154015","1","","2","","1","1","請求書"
"218","2026/06/20 16:43:38","1","0","-633793","0","-633793","-633793","0","0","0","0","0","Beiter クリッカー ブラックブレード 0.25 6/32A","6/32A","","0.25","1497","2315000152016","1","","2","","1","1","請求書"
"218","2026/06/20 16:43:38","1","0","-633793","0","-633793","-633793","0","0","0","0","0","FIVICS AUTOMATIC ボウスタンド ショート ","","","ショート","2513","4111000323009","1","","2","","1","1","請求書"
"218","2026/06/20 16:43:38","1","0","-633793","0","-633793","-633793","0","0","0","0","0","SHIBUYA TRANSPORTER 56.5L ケース マットブラック ","","","マットブラック","2541","4090000331019","1","","2","","1","1","請求書"
"218","2026/06/20 16:43:38","1","0","-633793","0","-633793","-633793","0","0","0","0","0","CARTEL Tゲージ ブラック ","","","ブラック","2508","5219000321014","1","","2","","1","1","請求書"
"218","2026/06/20 16:43:38","1","0","-633793","0","-633793","-633793","0","0","0","0","0","ANGEL DX-WPトーナメントクイバー LH M","M","","LH","2470","5091000308055","1","","2","","1","1","請求書"
"218","2026/06/20 16:43:38","1","0","-633793","0","-633793","-633793","0","0","0","0","0","ANGELトーナメントベルト M ","","","M","2501","5191000313032","1","","2","","1","1","請求書"
"218","2026/06/20 16:43:38","1","0","-633793","0","-633793","-633793","0","0","0","0","0","FIVICS SAKER 1 タブ LH M","M","","LH","1525","3011000160073","1","","2","","1","1","請求書"
"218","2026/06/20 16:43:38","1","0","-633793","0","-633793","-633793","0","0","0","0","0","SHIBUYA チェストガード LH（左射ち用） M ブラック","ブラック","","M","3373","5400000000218","1","","2","","1","1","請求書"
"218","2026/06/20 16:43:38","1","0","-633793","0","-633793","-633793","0","0","0","0","0","KOREA ARCHERY Jet6 アームガード ブラック ","ブラック","","","2931","3323000635018","1","","2","","1","1","請求書"
"218","2026/06/20 16:43:38","1","0","-633793","0","-633793","-633793","0","0","0","0","0","CARTEL クリアアローケース  ","","","","2028","6019000286004","1","","2","","1","1","請求書"
"218","2026/06/20 16:43:38","1","0","-633793","0","-633793","-633793","0","0","0","0","0","EASTON レンチセット ミリ/インチ  ","","","","4165","8700100010153","1","","2","","1","1","請求書"
"218","2026/06/20 16:43:38","1","0","-633793","0","-633793","-633793","0","0","0","0","0","FIVICS リムプロテクター ブラック ","","","ブラック","1696","3311000188016","1","","2","","1","1","請求書"
"218","2026/06/20 16:43:38","1","0","-633793","0","-633793","-633793","0","0","0","0","0","AAE マグクリップ ブラック ","","","ブラック","4956","1800100010294","1","","2","","1","1","請求書"
"218","2026/06/20 16:43:38","1","0","-633793","0","-633793","-633793","0","0","0","0","0","KOREA ARCHERY Jet6アロープラー ブルー ","","","ブルー","7483","8601000000001","1","","2","","1","1","請求書"
"218","2026/06/20 16:43:38","1","0","-633793","0","-633793","-633793","0","0","0","0","0","LEVEN/DOINKER Aボム ダンパー  ","","","","1415","2522000127009","3","","2","","1","1","請求書"
"217","2026/06/20 16:22:14","1","0","633793","0","633793","633793","0","0","0","0","0","HOYT GMX3 2026 H25 LH リキッドブラック","リキッドブラック","","LH","12212","3801000000307","1","","2","","1","1","請求書"
"217","2026/06/20 16:22:14","1","0","633793","0","633793","633793","0","0","0","0","0","MK ZEST リム (ILF)  S 40ポンド","40ポンド","","S","4518","3900100011067","1","","2","","1","1","請求書"
"217","2026/06/20 16:22:14","1","0","633793","0","633793","633793","0","0","0","0","0","MK AWAKE センタースタビライザー 26インチ ","","","26インチ","7373","4200000000109","1","","2","","1","1","請求書"
"217","2026/06/20 16:22:14","1","0","633793","0","633793","633793","0","0","0","0","0","MK AWAKE サイドロッド 11インチ ","","","11インチ","7377","4200000000062","2","","2","","1","1","請求書"
"217","2026/06/20 16:22:14","1","0","633793","0","633793","633793","0","0","0","0","0","MK AWAKE エクステンダーロッド 5インチ ","","","5インチ","7382","4200000000017","1","","2","","1","1","請求書"
"217","2026/06/20 16:22:14","1","0","633793","0","633793","633793","0","0","0","0","0","MK ウエイト（新） 3 72g°","72g°","","3","4728","9601100010039","1","","2","","1","1","請求書"
"217","2026/06/20 16:22:14","1","0","633793","0","633793","633793","0","0","0","0","0","MK ウエイト（新） 2 48g°","48g°","","2","4727","9601100010046","2","","2","","1","1","請求書"
"217","2026/06/20 16:22:14","1","0","633793","0","633793","633793","0","0","0","0","0","MK Vバー　2 40° ","","","40°","1179","2012000110014","1","","2","","1","1","請求書"
"217","2026/06/20 16:22:14","1","0","633793","0","633793","633793","0","0","0","0","0","SHIBUYA ULTIMA RC4 520 カーボンサイト LH ガンメタル","ガンメタル","","LH ","12486","7000000000300","1","","2","","1","1","請求書"
"217","2026/06/20 16:22:14","1","0","633793","0","633793","633793","0","0","0","0","0","Beiter プランジャー ブラック ","","","ブラック","1477","2415000149013","1","","2","","1","1","請求書"
"217","2026/06/20 16:22:14","1","0","633793","0","633793","633793","0","0","0","0","0","SHIBUYA アルティマ レスト ブラック ","","","ブラック","1503","2790000154015","1","","2","","1","1","請求書"
"217","2026/06/20 16:22:14","1","0","633793","0","633793","633793","0","0","0","0","0","Beiter クリッカー ブラックブレード 0.25 6/32A","6/32A","","0.25","1497","2315000152016","1","","2","","1","1","請求書"
"217","2026/06/20 16:22:14","1","0","633793","0","633793","633793","0","0","0","0","0","FIVICS AUTOMATIC ボウスタンド ショート ","","","ショート","2513","4111000323009","1","","2","","1","1","請求書"
"217","2026/06/20 16:22:14","1","0","633793","0","633793","633793","0","0","0","0","0","SHIBUYA TRANSPORTER 56.5L ケース マットブラック ","","","マットブラック","2541","4090000331019","1","","2","","1","1","請求書"
"217","2026/06/20 16:22:14","1","0","633793","0","633793","633793","0","0","0","0","0","CARTEL Tゲージ ブラック ","","","ブラック","2508","5219000321014","1","","2","","1","1","請求書"
"217","2026/06/20 16:22:14","1","0","633793","0","633793","633793","0","0","0","0","0","ANGEL DX-WPトーナメントクイバー LH M","M","","LH","2470","5091000308055","1","","2","","1","1","請求書"
"217","2026/06/20 16:22:14","1","0","633793","0","633793","633793","0","0","0","0","0","ANGELトーナメントベルト M ","","","M","2501","5191000313032","1","","2","","1","1","請求書"
"217","2026/06/20 16:22:14","1","0","633793","0","633793","633793","0","0","0","0","0","FIVICS SAKER 1 タブ LH M","M","","LH","1525","3011000160073","1","","2","","1","1","請求書"
"217","2026/06/20 16:22:14","1","0","633793","0","633793","633793","0","0","0","0","0","SHIBUYA チェストガード LH（左射ち用） M ブラック","ブラック","","M","3373","5400000000218","1","","2","","1","1","請求書"
"217","2026/06/20 16:22:14","1","0","633793","0","633793","633793","0","0","0","0","0","KOREA ARCHERY Jet6 アームガード ブラック ","ブラック","","","2931","3323000635018","1","","2","","1","1","請求書"
"217","2026/06/20 16:22:14","1","0","633793","0","633793","633793","0","0","0","0","0","CARTEL クリアアローケース  ","","","","2028","6019000286004","1","","2","","1","1","請求書"
"217","2026/06/20 16:22:14","1","0","633793","0","633793","633793","0","0","0","0","0","EASTON レンチセット ミリ/インチ  ","","","","4165","8700100010153","1","","2","","1","1","請求書"
"217","2026/06/20 16:22:14","1","0","633793","0","633793","633793","0","0","0","0","0","FIVICS リムプロテクター ブラック ","","","ブラック","1696","3311000188016","1","","2","","1","1","請求書"
"217","2026/06/20 16:22:14","1","0","633793","0","633793","633793","0","0","0","0","0","AAE マグクリップ ブラック ","","","ブラック","4956","1800100010294","1","","2","","1","1","請求書"
"217","2026/06/20 16:22:14","1","0","633793","0","633793","633793","0","0","0","0","0","KOREA ARCHERY Jet6アロープラー ブルー ","","","ブルー","7483","8601000000001","1","","2","","1","1","請求書"
"217","2026/06/20 16:22:14","1","0","633793","0","633793","633793","0","0","0","0","0","LEVEN/DOINKER Aボム ダンパー  ","","","","1415","2522000127009","3","","2","","1","1","請求書"
"216","2026/06/20 16:21:23","1","0","-641713","0","-641713","-641713","0","0","0","0","0","HOYT GMX3 2026 H25 LH リキッドブラック","リキッドブラック","90000000000000000037","LH","12212","3801000000307","1","278","2","","1","1","請求書"
"216","2026/06/20 16:21:23","1","0","-641713","0","-641713","-641713","0","0","0","0","0","MK ZEST リム (ILF)  S 40ポンド","40ポンド","90000000000000000037","S","4518","3900100011067","1","278","2","","1","1","請求書"
"216","2026/06/20 16:21:23","1","0","-641713","0","-641713","-641713","0","0","0","0","0","MK AWAKE センタースタビライザー 26インチ ","","90000000000000000037","26インチ","7373","4200000000109","1","278","2","","1","1","請求書"
"216","2026/06/20 16:21:23","1","0","-641713","0","-641713","-641713","0","0","0","0","0","MK AWAKE サイドロッド 11インチ ","","90000000000000000037","11インチ","7377","4200000000062","2","278","2","","1","1","請求書"
"216","2026/06/20 16:21:23","1","0","-641713","0","-641713","-641713","0","0","0","0","0","MK AWAKE エクステンダーロッド 5インチ ","","90000000000000000037","5インチ","7382","4200000000017","1","278","2","","1","1","請求書"
"216","2026/06/20 16:21:23","1","0","-641713","0","-641713","-641713","0","0","0","0","0","MK ウエイト（新） 3 72g°","72g°","90000000000000000037","3","4728","9601100010039","1","278","2","","1","1","請求書"
"216","2026/06/20 16:21:23","1","0","-641713","0","-641713","-641713","0","0","0","0","0","MK ウエイト（新） 2 48g°","48g°","90000000000000000037","2","4727","9601100010046","2","278","2","","1","1","請求書"
"216","2026/06/20 16:21:23","1","0","-641713","0","-641713","-641713","0","0","0","0","0","MK Vバー　2 40° ","","90000000000000000037","40°","1179","2012000110014","1","278","2","","1","1","請求書"
"216","2026/06/20 16:21:23","1","0","-641713","0","-641713","-641713","0","0","0","0","0","SHIBUYA ULTIMA RC4 520 カーボンサイト LH ガンメタル","ガンメタル","90000000000000000037","LH ","12486","7000000000300","1","278","2","","1","1","請求書"
"216","2026/06/20 16:21:23","1","0","-641713","0","-641713","-641713","0","0","0","0","0","Beiter プランジャー ブラック ","","90000000000000000037","ブラック","1477","2415000149013","1","278","2","","1","1","請求書"
"216","2026/06/20 16:21:23","1","0","-641713","0","-641713","-641713","0","0","0","0","0","SHIBUYA アルティマ レスト ブラック ","","90000000000000000037","ブラック","1503","2790000154015","1","278","2","","1","1","請求書"
"216","2026/06/20 16:21:23","1","0","-641713","0","-641713","-641713","0","0","0","0","0","Beiter クリッカー ブラックブレード 0.25 6/32A","6/32A","90000000000000000037","0.25","1497","2315000152016","1","278","2","","1","1","請求書"
"216","2026/06/20 16:21:23","1","0","-641713","0","-641713","-641713","0","0","0","0","0","FIVICS AUTOMATIC ボウスタンド ショート ","","90000000000000000037","ショート","2513","4111000323009","1","278","2","","1","1","請求書"
"216","2026/06/20 16:21:23","1","0","-641713","0","-641713","-641713","0","0","0","0","0","SHIBUYA TRANSPORTER 56.5L ケース マットブラック ","","90000000000000000037","マットブラック","2541","4090000331019","1","278","2","","1","1","請求書"
"216","2026/06/20 16:21:23","1","0","-641713","0","-641713","-641713","0","0","0","0","0","CARTEL Tゲージ ブラック ","","90000000000000000037","ブラック","2508","5219000321014","1","278","2","","1","1","請求書"
"216","2026/06/20 16:21:23","1","0","-641713","0","-641713","-641713","0","0","0","0","0","ANGEL DX-WPトーナメントクイバー LH M","M","90000000000000000037","LH","2470","5091000308055","1","278","2","","1","1","請求書"
"216","2026/06/20 16:21:23","1","0","-641713","0","-641713","-641713","0","0","0","0","0","ANGELトーナメントベルト M ","","90000000000000000037","M","2501","5191000313032","1","278","2","","1","1","請求書"
"216","2026/06/20 16:21:23","1","0","-641713","0","-641713","-641713","0","0","0","0","0","FIVICS SAKER 1 タブ LH M","M","90000000000000000037","LH","1525","3011000160073","1","278","2","","1","1","請求書"
"216","2026/06/20 16:21:23","1","0","-641713","0","-641713","-641713","0","0","0","0","0","SHIBUYA チェストガード LH（左射ち用） M ブラック","ブラック","90000000000000000037","M","3373","5400000000218","1","278","2","","1","1","請求書"
"216","2026/06/20 16:21:23","1","0","-641713","0","-641713","-641713","0","0","0","0","0","KOREA ARCHERY Jet6 アームガード ブラック ","ブラック","90000000000000000037","","2931","3323000635018","1","278","2","","1","1","請求書"
"216","2026/06/20 16:21:23","1","0","-641713","0","-641713","-641713","0","0","0","0","0","LEVEN/DOINKER EXOドインカーダンパー  ","","90000000000000000037","","4734","400100010051","3","278","2","","1","1","請求書"
"216","2026/06/20 16:21:23","1","0","-641713","0","-641713","-641713","0","0","0","0","0","CARTEL クリアアローケース  ","","90000000000000000037","","2028","6019000286004","1","278","2","","1","1","請求書"
"216","2026/06/20 16:21:23","1","0","-641713","0","-641713","-641713","0","0","0","0","0","EASTON レンチセット ミリ/インチ  ","","90000000000000000037","","4165","8700100010153","1","278","2","","1","1","請求書"
"216","2026/06/20 16:21:23","1","0","-641713","0","-641713","-641713","0","0","0","0","0","FIVICS リムプロテクター ブラック ","","90000000000000000037","ブラック","1696","3311000188016","1","278","2","","1","1","請求書"
"216","2026/06/20 16:21:23","1","0","-641713","0","-641713","-641713","0","0","0","0","0","AAE マグクリップ ブラック ","","90000000000000000037","ブラック","4956","1800100010294","1","278","2","","1","1","請求書"
"216","2026/06/20 16:21:23","1","0","-641713","0","-641713","-641713","0","0","0","0","0","KOREA ARCHERY Jet6アロープラー ブルー ","","90000000000000000037","ブルー","7483","8601000000001","1","278","2","","1","1","請求書"
"215","2026/06/20 16:16:42","1","0","641713","0","641713","641713","0","0","0","0","0","HOYT GMX3 2026 H25 LH リキッドブラック","リキッドブラック","90000000000000000037","LH","12212","3801000000307","1","278","2","","1","1","請求書"
"215","2026/06/20 16:16:42","1","0","641713","0","641713","641713","0","0","0","0","0","MK ZEST リム (ILF)  S 40ポンド","40ポンド","90000000000000000037","S","4518","3900100011067","1","278","2","","1","1","請求書"
"215","2026/06/20 16:16:42","1","0","641713","0","641713","641713","0","0","0","0","0","MK AWAKE センタースタビライザー 26インチ ","","90000000000000000037","26インチ","7373","4200000000109","1","278","2","","1","1","請求書"
"215","2026/06/20 16:16:42","1","0","641713","0","641713","641713","0","0","0","0","0","MK AWAKE サイドロッド 11インチ ","","90000000000000000037","11インチ","7377","4200000000062","2","278","2","","1","1","請求書"
"215","2026/06/20 16:16:42","1","0","641713","0","641713","641713","0","0","0","0","0","MK AWAKE エクステンダーロッド 5インチ ","","90000000000000000037","5インチ","7382","4200000000017","1","278","2","","1","1","請求書"
"215","2026/06/20 16:16:42","1","0","641713","0","641713","641713","0","0","0","0","0","MK ウエイト（新） 3 72g°","72g°","90000000000000000037","3","4728","9601100010039","1","278","2","","1","1","請求書"
"215","2026/06/20 16:16:42","1","0","641713","0","641713","641713","0","0","0","0","0","MK ウエイト（新） 2 48g°","48g°","90000000000000000037","2","4727","9601100010046","2","278","2","","1","1","請求書"
"215","2026/06/20 16:16:42","1","0","641713","0","641713","641713","0","0","0","0","0","MK Vバー　2 40° ","","90000000000000000037","40°","1179","2012000110014","1","278","2","","1","1","請求書"
"215","2026/06/20 16:16:42","1","0","641713","0","641713","641713","0","0","0","0","0","SHIBUYA ULTIMA RC4 520 カーボンサイト LH ガンメタル","ガンメタル","90000000000000000037","LH ","12486","7000000000300","1","278","2","","1","1","請求書"
"215","2026/06/20 16:16:42","1","0","641713","0","641713","641713","0","0","0","0","0","Beiter プランジャー ブラック ","","90000000000000000037","ブラック","1477","2415000149013","1","278","2","","1","1","請求書"
"215","2026/06/20 16:16:42","1","0","641713","0","641713","641713","0","0","0","0","0","SHIBUYA アルティマ レスト ブラック ","","90000000000000000037","ブラック","1503","2790000154015","1","278","2","","1","1","請求書"
"215","2026/06/20 16:16:42","1","0","641713","0","641713","641713","0","0","0","0","0","Beiter クリッカー ブラックブレード 0.25 6/32A","6/32A","90000000000000000037","0.25","1497","2315000152016","1","278","2","","1","1","請求書"
"215","2026/06/20 16:16:42","1","0","641713","0","641713","641713","0","0","0","0","0","FIVICS AUTOMATIC ボウスタンド ショート ","","90000000000000000037","ショート","2513","4111000323009","1","278","2","","1","1","請求書"
"215","2026/06/20 16:16:42","1","0","641713","0","641713","641713","0","0","0","0","0","SHIBUYA TRANSPORTER 56.5L ケース マットブラック ","","90000000000000000037","マットブラック","2541","4090000331019","1","278","2","","1","1","請求書"
"215","2026/06/20 16:16:42","1","0","641713","0","641713","641713","0","0","0","0","0","CARTEL Tゲージ ブラック ","","90000000000000000037","ブラック","2508","5219000321014","1","278","2","","1","1","請求書"
"215","2026/06/20 16:16:42","1","0","641713","0","641713","641713","0","0","0","0","0","ANGEL DX-WPトーナメントクイバー LH M","M","90000000000000000037","LH","2470","5091000308055","1","278","2","","1","1","請求書"
"215","2026/06/20 16:16:42","1","0","641713","0","641713","641713","0","0","0","0","0","ANGELトーナメントベルト M ","","90000000000000000037","M","2501","5191000313032","1","278","2","","1","1","請求書"
"215","2026/06/20 16:16:42","1","0","641713","0","641713","641713","0","0","0","0","0","FIVICS SAKER 1 タブ LH M","M","90000000000000000037","LH","1525","3011000160073","1","278","2","","1","1","請求書"
"215","2026/06/20 16:16:42","1","0","641713","0","641713","641713","0","0","0","0","0","SHIBUYA チェストガード LH（左射ち用） M ブラック","ブラック","90000000000000000037","M","3373","5400000000218","1","278","2","","1","1","請求書"
"215","2026/06/20 16:16:42","1","0","641713","0","641713","641713","0","0","0","0","0","KOREA ARCHERY Jet6 アームガード ブラック ","ブラック","90000000000000000037","","2931","3323000635018","1","278","2","","1","1","請求書"
"215","2026/06/20 16:16:42","1","0","641713","0","641713","641713","0","0","0","0","0","LEVEN/DOINKER EXOドインカーダンパー  ","","90000000000000000037","","4734","400100010051","3","278","2","","1","1","請求書"
"215","2026/06/20 16:16:42","1","0","641713","0","641713","641713","0","0","0","0","0","CARTEL クリアアローケース  ","","90000000000000000037","","2028","6019000286004","1","278","2","","1","1","請求書"
"215","2026/06/20 16:16:42","1","0","641713","0","641713","641713","0","0","0","0","0","EASTON レンチセット ミリ/インチ  ","","90000000000000000037","","4165","8700100010153","1","278","2","","1","1","請求書"
"215","2026/06/20 16:16:42","1","0","641713","0","641713","641713","0","0","0","0","0","FIVICS リムプロテクター ブラック ","","90000000000000000037","ブラック","1696","3311000188016","1","278","2","","1","1","請求書"
"215","2026/06/20 16:16:42","1","0","641713","0","641713","641713","0","0","0","0","0","AAE マグクリップ ブラック ","","90000000000000000037","ブラック","4956","1800100010294","1","278","2","","1","1","請求書"
"215","2026/06/20 16:16:42","1","0","641713","0","641713","641713","0","0","0","0","0","KOREA ARCHERY Jet6アロープラー ブルー ","","90000000000000000037","ブルー","7483","8601000000001","1","278","2","","1","1","請求書"
"214","2026/06/20 14:44:32","1","0","3850","0","3850","0","3850","3850","0","3850","0","RANGE-O-MATIC スピンウィングベイン 45mm RH パープル","パープル","","RH","2434","6117000302073","1","","2","","3","",""
"214","2026/06/20 14:44:32","1","0","3850","0","3850","0","3850","3850","0","3850","0","WJ SPORTS グリップテープ ブルー ","","","ブルー","2871","9413000425024","1","","2","","3","",""
"213","2026/06/20 14:31:24","1","0","1760","0","1760","0","1760","2000","2000","0","240","SHIBUYA SR-3 オフセットレストピン  ","","","","4123","1000001000145","2","","2","","3","",""
"212","2026/06/20 14:07:21","1","0","2970","0","2970","297","2673","10003","10003","0","7330","KOREA ARCHERY JET6 S ベイン RH ピンク","ピンク","","RH","7391","1600000000476","1","","2","","3","",""
"211","2026/06/20 13:22:41","1","0","3350","0","3350","0","3350","3350","3350","0","0","ARICO STRING 68インチ18本 S1 ","","","S1","2816","9210000430139","1","","2","","3","",""
"210","2026/06/20 13:10:29","1","0","1683","0","1683","0","1683","1683","0","1683","0","ANGEL ストリンガー L ブルー","ブルー","","L","2704","8091000407038","1","","2","","3","",""
"209","2026/06/20 12:13:42","1","0","3080","0","3080","0","3080","3080","3080","0","0","FIVICS ピンノック(S) クリアブルー ","","","クリアブルー","2288","6111000287071","2","","2","","1","",""
"208","2026/06/20 12:13:24","1","0","-3080","0","-3080","0","-3080","0","0","0","3080","FIVICS ピンノック(S) クリアピンク","","","クリアピンク","17973","1500000001551","2","","2","","1","",""
"207","2026/06/20 11:47:31","1","0","660000","0","660000","660000","0","0","0","0","0","シューティングトレーナー","","","","12512","2900000000117","10","","2","","1","1","請求書"
"206","2026/06/20 11:43:53","1","0","70730","0","70730","7073","63657","63657","0","0","0","FIVICS FIVE-X シャフト 750 1ダース","1ダース","90000000000000000212","750","1713","6011000190091","1","103","2","","1","1","請求書"
"206","2026/06/20 11:43:53","1","0","70730","0","70730","7073","63657","63657","0","0","0","FIVICS FIVE-X ステンレスポイント 3X 750～1000","750～1000","90000000000000000212","3X","1802","6011000200035","1","103","2","","1","1","請求書"
"206","2026/06/20 11:43:53","1","0","70730","0","70730","7073","63657","63657","0","0","0","FIVICS FIVE-X インサートピン 0line 700～1000","700～1000","90000000000000000212","0line","1823","6011000212021","1","103","2","","1","1","請求書"
"206","2026/06/20 11:43:53","1","0","70730","0","70730","7073","63657","63657","0","0","0","FIVICS ピンノック(S) クリアレッド ","","90000000000000000212","クリアレッド","2285","6111000287040","1","103","2","","1","1","請求書"
"205","2026/06/20 11:23:45","1","0","1520530","0","1520530","1520530","0","0","0","0","0","FIVICS ONIX ハンドル 25"" RH ブラックピンク","ブラックピンク","","RH ","12386","3700000000327","8","","2","","1","1","請求書"
"205","2026/06/20 11:23:45","1","0","1520530","0","1520530","1520530","0","0","0","0","0","FIVICS バックパック ブラック","ブラック","","","12498","2200000000286","9","","2","","1","1","請求書"
"205","2026/06/20 11:23:45","1","0","1520530","0","1520530","1520530","0","0","0","0","0","【2025NEW】FIVICS VELLATOR サイドロッド12インチブラック","ブラック","","12インチ","12038","4300000000137","7","","2","","1","1","請求書"
"205","2026/06/20 11:23:45","1","0","1520530","0","1520530","1520530","0","0","0","0","0","FIVICS  アルミニウムエクステンダーロッド 3インチ ","","","3インチ","1165","2011000103019","1","","2","","1","1","請求書"
"205","2026/06/20 11:23:45","1","0","1520530","0","1520530","1520530","0","0","0","0","0","FIVICS  アルミニウムエクステンダーロッド 4インチ ","","","4インチ","1166","2011000103026","4","","2","","1","1","請求書"
"205","2026/06/20 11:23:45","1","0","1520530","0","1520530","1520530","0","0","0","0","0","【2025NEW】FIVICS VELLATOR センタースタビライザー26インチホワイト","ホワイト","","26インチ","12018","4300000000335","4","","2","","1","1","請求書"
"205","2026/06/20 11:23:45","1","0","1520530","0","1520530","1520530","0","0","0","0","0","【2025NEW】FIVICS VELLATOR センタースタビライザー26インチブラック","ブラック","","26インチ","12021","4300000000304","7","","2","","1","1","請求書"
"205","2026/06/20 11:23:45","1","0","1520530","0","1520530","1520530","0","0","0","0","0","FIVICS ORGANIC X アームガード ブラック ","","","ブラック","1680","3311000184018","1","","2","","1","1","請求書"
"205","2026/06/20 11:23:45","1","0","1520530","0","1520530","1520530","0","0","0","0","0","【2025NEW】FIVICS VELLATOR サイドロッド10インチブラック","ブラック","","10インチ","12037","4300000000144","2","","2","","1","1","請求書"
"205","2026/06/20 11:23:45","1","0","1520530","0","1520530","1520530","0","0","0","0","0","FIVICS  XENIA リム(ウッドコア)  S 16ポンド","16ポンド","","S","558","1111000045034","1","","2","","1","1","請求書"
"204","2026/06/20 10:42:58","1","0","1683","0","1683","1683","0","0","0","0","0","ANGEL ストリンガー L ブラック","ブラック","","L","2702","8091000407014","1","","2","","1","1","請求書"
"203","2026/06/20 09:57:59","1","0","495","0","495","49","446","5046","5046","0","4600","AAE エリートベイン(1枚) 16 ピンク","ピンク","","16","4080","1600100010139","1","","2","","3","",""
"203","2026/06/20 09:57:59","1","0","495","0","495","49","446","5046","5046","0","4600","AAE エリートベイン(1枚) 16 ブラック","ブラック","","16","4075","1600100010184","4","","2","","3","",""
"203","2026/06/20 09:57:59","1","0","495","0","495","49","446","5046","5046","0","4600","AAE エリートベイン(1枚) 16 ブルー","ブルー","","16","4076","1600100010177","3","","2","","3","",""
"203","2026/06/20 09:57:59","1","0","495","0","495","49","446","5046","5046","0","4600","AAE エリートベイン(1枚) 16 レッド","レッド","","16","4077","1600100010160","1","","2","","3","",""
"202","2026/06/19 15:41:13","2","0","0","0","100","0","100","100","100","0","0","","","","","","","","","2","","3","",""
"201","2026/06/19 15:39:57","3","0","0","0","100","0","100","100","100","0","0","","","","","","","","","2","","3","",""
"200","2026/06/18 20:30:23","1","0","6650","0","6650","665","5985","5985","0","5985","0","WJ SPORTS グリップテープ ブルー ","","","ブルー","2871","9413000425024","1","","2","","3","",""
"200","2026/06/18 20:30:23","1","0","6650","0","6650","665","5985","5985","0","5985","0","WJ SPORTS グリップテープ イエロー ","","","イエロー","2873","9413000425048","1","","2","","3","",""
"200","2026/06/18 20:30:23","1","0","6650","0","6650","665","5985","5985","0","5985","0","ARICO STRING 68インチ18本 L3 ","","","L3","2820","9210000430177","1","","2","","3","",""
"199","2026/06/18 18:56:05","1","0","39600","0","39600","39600","0","0","0","0","0","SHIBUYA TRANSPORTER 56.5L ケース マットブラック ","","","マットブラック","2541","4090000331019","1","","2","","1","",""
"198","2026/06/18 17:55:23","1","0","3850","165","3685","0","3685","3685","0","3685","0","RANGE-O-MATIC スピンウィングベイン 45mm RH ブルー","ブルー","","RH","2431","6117000302042","1","","2","","3","",""
"198","2026/06/18 17:55:23","1","0","3850","165","3685","0","3685","3685","0","3685","0","WJ SPORTS グリップテープ ブラック ","","","ブラック","2870","9413000425017","1","","2","","3","",""
"197","2026/06/18 16:23:12","1","0","317290","0","317290","0","317290","317290","0","0","0","Diamond コンパウンドボウ Pro Max パッケージ RH ブラック","ブラック","90000000000000000318","RH ","12736","1001000002215","1","4099","2","","1","1","請求書"
"197","2026/06/18 16:23:12","1","0","317290","0","317290","0","317290","317290","0","0","0","【2025NEW】FIVICS VELLATOR センタースタビライザー28インチブラック","ブラック","90000000000000000318","28インチ","12022","4300000000298","1","4099","2","","1","1","請求書"
"197","2026/06/18 16:23:12","1","0","317290","0","317290","0","317290","317290","0","0","0","【2025NEW】FIVICS VELLATOR サイドロッド12インチブラック","ブラック","90000000000000000318","12インチ","12038","4300000000137","1","4099","2","","1","1","請求書"
"197","2026/06/18 16:23:12","1","0","317290","0","317290","0","317290","317290","0","0","0","Focus Archery Vバー ワンサイド  ","","90000000000000000318","","17958","8000000010292","1","4099","2","","1","1","請求書"
"197","2026/06/18 16:23:12","1","0","317290","0","317290","0","317290","317290","0","0","0","TRUGLO ボウジャック  ミニ","","90000000000000000318","","12012","1120000000028","1","4099","2","","1","1","請求書"
"197","2026/06/18 16:23:12","1","0","317290","0","317290","0","317290","317290","0","0","0","T.R.U.BALL ブレードプロフレックス  M  シルバー","シルバー","90000000000000000318","M","7111","1070000000125","1","4099","2","","1","1","請求書"
"197","2026/06/18 16:23:12","1","0","317290","0","317290","0","317290","317290","0","0","0","FIVICS TENPRO シャフト 500 1ダース","1ダース","90000000000000000318","500","1733","6011000192033","1","4099","2","","1","1","請求書"
"197","2026/06/18 16:23:12","1","0","317290","0","317290","0","317290","317290","0","0","0","FIVICS TENPRO ステンレスポイント 1T 400～500","400～500","90000000000000000318","1T","1809","6011000203012","1","4099","2","","1","1","請求書"
"197","2026/06/18 16:23:12","1","0","317290","0","317290","0","317290","317290","0","0","0","FIVICS TENPRO インサートピン 1line 400～550","400～550","90000000000000000318","1line","1826","6011000214018","1","4099","2","","1","1","請求書"
"197","2026/06/18 16:23:12","1","0","317290","0","317290","0","317290","317290","0","0","0","FIVICS ピンノック(L) クリアグリーン ","","90000000000000000318","クリアグリーン","2320","6111000289068","1","4099","2","","1","1","請求書"
"197","2026/06/18 16:23:12","1","0","317290","0","317290","0","317290","317290","0","0","0","Flex-Fletch ベイン FFP-187 （100枚） ホワイト ","","90000000000000000318","ホワイト","17980","1600000001039","1","4099","2","","1","1","請求書"
"197","2026/06/18 16:23:12","1","0","317290","0","317290","0","317290","317290","0","0","0","FIVICS ACCENDO トーナメントクイバー ブラック ","","90000000000000000318","ブラック","2459","5011000306011","1","4099","2","","1","1","請求書"
"197","2026/06/18 16:23:12","1","0","317290","0","317290","0","317290","317290","0","0","0","EASTON ワールドカップ 4517 ボウケース  ","","90000000000000000318","","7294","1110000000012","1","4099","2","","1","1","請求書"
"197","2026/06/18 16:23:12","1","0","317290","0","317290","0","317290","317290","0","0","0","EASTON クリアアローケース  ","","90000000000000000318","","4338","8300100010018","1","4099","2","","1","1","請求書"
"197","2026/06/18 16:23:12","1","0","317290","0","317290","0","317290","317290","0","0","0","KOREA ARCHERY Jet6アロープラー ブルー ","","90000000000000000318","ブルー","7483","8601000000001","1","4099","2","","1","1","請求書"
"196","2026/06/18 15:51:50","1","0","20125","0","20125","2454","17671","17671","0","0","0","FIVICS SAKER 2 タブ RH M","M","90000000000000000071","RH","1532","3011000162022","1","244","2","","1","1","請求書"
"196","2026/06/18 15:51:50","1","0","20125","0","20125","2454","17671","17671","0","0","0","FIVICS TENFIX タブ バックスキン M ","","90000000000000000071","M","1602","3111000172028","1","244","2","","1","1","請求書"
"196","2026/06/18 15:51:50","1","0","20125","0","20125","2454","17671","17671","0","0","0","FIVICS TENFIX タブ コードバン RH M","M","90000000000000000071","RH","1596","3111000171021","1","244","2","","1","1","請求書"
"196","2026/06/18 15:51:50","1","0","20125","0","20125","2454","17671","17671","0","0","0","FIVICS ACCENDO トーナメントクイバー レッド ","","90000000000000000071","レッド","2461","5011000306035","1","244","2","","1","1","請求書"
"195","2026/06/18 14:42:08","1","0","3564","0","3564","0","3564","3564","0","3564","0","加工費 ポイント装着   ","","","","2709","9010000411004","12","","2","","3","",""
"194","2026/06/18 10:42:56","1","0","12100","0","12100","0","12100","12100","12100","0","0","FIVICS SKADIタブ RH S（イエロー）","S（イエロー）","","RH","6202","8100000000054","1","","2","","3","",""
"193","2026/06/18 10:42:32","1","0","-12100","0","-12100","0","-12100","-12100","-12100","0","0","FIVICS SKADIタブ RH S（イエロー）","S（イエロー）","","RH","6202","8100000000054","1","","2","","3","",""
"192","2026/06/18 10:42:16","1","0","12100","0","12100","0","12100","12100","12100","0","0","FIVICS SKADIタブ RH S（イエロー）","S（イエロー）","","RH","6202","8100000000054","1","","2","","3","",""
"191","2026/06/17 18:14:21","1","0","10000","0","10000","0","10000","10000","10000","0","0","レッスン  ","","","","7315","7800000000030","1","","2","","3","",""
"190","2026/06/17 16:48:43","1","0","401024","30672","370352","0","370352","370352","0","0","0","MK ZX ハンドル  RH カメレオンブルー","カメレオンブルー","90000000000000000308","RH","14548","3600100010625","1","7","2","","4","1","請求書"
"190","2026/06/17 16:48:43","1","0","401024","30672","370352","0","370352","370352","0","0","0","FIVICS SKADI-BX センタースタビライザー 26インチ","","90000000000000000308","26インチ","1386","2011000464011","1","7","2","","4","1","請求書"
"190","2026/06/17 16:48:43","1","0","401024","30672","370352","0","370352","370352","0","0","0","SHIBUYA ULTIMA RC4 520 カーボンサイト RH ブラック","ブラック","90000000000000000308","RH ","12479","7000000000379","1","7","2","","4","1","請求書"
"190","2026/06/17 16:48:43","1","0","401024","30672","370352","0","370352","370352","0","0","0","Beiter プランジャー ダークブルー","","90000000000000000308","ダークブルー","1479","2415000149037","1","7","2","","4","1","請求書"
"190","2026/06/17 16:48:43","1","0","401024","30672","370352","0","370352","370352","0","0","0","HOYT スーパーレスト RH","","90000000000000000308","RH","1507","2716000153001","4","7","2","","4","1","請求書"
"190","2026/06/17 16:48:43","1","0","401024","30672","370352","0","370352","370352","0","0","0","FIVICS SAKER 1 タブ RH M","M","90000000000000000308","RH","1520","3011000160028","1","7","2","","4","1","請求書"
"190","2026/06/17 16:48:43","1","0","401024","30672","370352","0","370352","370352","0","0","0","FIVICS WIND チェストガード(RH) L ブラック","ブラック","90000000000000000308","L","1668","3311000183011","1","7","2","","4","1","請求書"
"190","2026/06/17 16:48:43","1","0","401024","30672","370352","0","370352","370352","0","0","0","FIVICS ORGANIC X アームガード ブラック","","90000000000000000308","ブラック","1680","3311000184018","1","7","2","","4","1","請求書"
"190","2026/06/17 16:48:43","1","0","401024","30672","370352","0","370352","370352","0","0","0","FIVICS UNICO トーナメントクイバー(L)  ネイビーブルー","","90000000000000000308","ネイビーブルー","2449","5011000303034","1","7","2","","4","1","請求書"
"190","2026/06/17 16:48:43","1","0","401024","30672","370352","0","370352","370352","0","0","0","WJ SPORTS COUCH ボウスタンド","","90000000000000000308","","2514","4113000322006","1","7","2","","4","1","請求書"
"190","2026/06/17 16:48:43","1","0","401024","30672","370352","0","370352","370352","0","0","0","WIN&WIN Tゲージ ブルー","","90000000000000000308","ブルー","5286","1900000000026","1","7","2","","4","1","請求書"
"190","2026/06/17 16:48:43","1","0","401024","30672","370352","0","370352","370352","0","0","0","FIVICS アロープラー","","90000000000000000308","","2496","5111000316000","1","7","2","","4","1","請求書"
"190","2026/06/17 16:48:43","1","0","401024","30672","370352","0","370352","370352","0","0","0","ARICO フィンガースリング グリーン","","90000000000000000308","グリーン","2701","8011000406022","1","7","2","","4","1","請求書"
"190","2026/06/17 16:48:43","1","0","401024","30672","370352","0","370352","370352","0","0","0","FIVICS バックパック ブラック","ブラック","90000000000000000308","","12498","2200000000286","1","7","2","","4","1","請求書"
"190","2026/06/17 16:48:43","1","0","401024","30672","370352","0","370352","370352","0","0","0","事務手数料","","90000000000000000308","","2953","9900000000073","1","7","2","","4","1","請求書"
"189","2026/06/17 16:38:40","1","0","29700","0","29700","0","29700","29700","0","0","0","FIVICS V3 リム (ウッドコア) S 34ポンド","34ポンド","90000000000000000001","S","4394","4000100010745","1","313","2","","4","1","請求書"
"188","2026/06/17 16:35:13","1","0","135526","0","135526","0","135526","135526","0","0","0","9676 KOREA ARCHERY JET6 ベイン1.75 インチ RH ホワイト","ホワイト","90000000000000000002","RH","2936","6123000632171","6","312","2","","4","1","請求書"
"188","2026/06/17 16:35:13","1","0","135526","0","135526","0","135526","135526","0","0","0","9726 FIVICS（新）A2 チェストガード RH ブラック L","ブラックL","90000000000000000002","RH","3272","3311010180246","1","312","2","","4","1","請求書"
"188","2026/06/17 16:35:13","1","0","135526","0","135526","0","135526","135526","0","0","0","9726 FIVICS SAKER 1 タブ RH S","S","90000000000000000002","RH","1521","3011000160035","5","312","2","","4","1","請求書"
"188","2026/06/17 16:35:13","1","0","135526","0","135526","0","135526","135526","0","0","0","9726 FIVICS SAKER 1 タブ コードバン RH S","S","90000000000000000002","RH","1613","3111000175043","3","312","2","","4","1","請求書"
"188","2026/06/17 16:35:13","1","0","135526","0","135526","0","135526","135526","0","0","0","9726 FIVICS SAKER 2 タブ RH L","L","90000000000000000002","RH","1531","3011000162015","2","312","2","","4","1","請求書"
"188","2026/06/17 16:35:13","1","0","135526","0","135526","0","135526","135526","0","0","0","9726 FIVICS FS004D フィンガースペーサー レッド","","90000000000000000002","レッド","2671","3211000394038","3","312","2","","4","1","請求書"
"188","2026/06/17 16:35:13","1","0","135526","0","135526","0","135526","135526","0","0","0","9726 FIVICS FS001P プラスチック フィンガースペーサー","","90000000000000000002","","2668","3211000393000","6","312","2","","4","1","請求書"
"188","2026/06/17 16:35:13","1","0","135526","0","135526","0","135526","135526","0","0","0","9726 KOREA ARCHERY Jet6 アームガード ブラック","ブラック","90000000000000000002","","2931","3323000635018","4","312","2","","4","1","請求書"
"188","2026/06/17 16:35:13","1","0","135526","0","135526","0","135526","135526","0","0","0","9726 KOREA ARCHERY Jet6 アームガード ブルー","ブルー","90000000000000000002","","2932","3323000635025","3","312","2","","4","1","請求書"
"188","2026/06/17 16:35:13","1","0","135526","0","135526","0","135526","135526","0","0","0","9726 KOREA ARCHERY Jet6 アームガード レッド","レッド","90000000000000000002","","2933","3323000635032","1","312","2","","4","1","請求書"
"188","2026/06/17 16:35:13","1","0","135526","0","135526","0","135526","135526","0","0","0","9726 KOREA ARCHERY Jet6 アームガード  グリーン","グリーン","90000000000000000002","","3019","3323000635087","5","312","2","","4","1","請求書"
"188","2026/06/17 16:35:13","1","0","135526","0","135526","0","135526","135526","0","0","0","9726 KOREA ARCHERY Jet6 アームガード イエロー","イエロー","90000000000000000002","","2934","3323000635049","1","312","2","","4","1","請求書"
"188","2026/06/17 16:35:13","1","0","135526","0","135526","0","135526","135526","0","0","0","9726 KOREA ARCHERY Jet6 アームガード  オレンジ","オレンジ","90000000000000000002","","3018","3323000635070","3","312","2","","4","1","請求書"
"188","2026/06/17 16:35:13","1","0","135526","0","135526","0","135526","135526","0","0","0","9726 KOREA ARCHERY Jet6 アームガード  パープル","パープル","90000000000000000002","","3017","3323000635063","3","312","2","","4","1","請求書"
"188","2026/06/17 16:35:13","1","0","135526","0","135526","0","135526","135526","0","0","0","9726 KOREA ARCHERY Jet6 アームガード  ピンク","ピンク","90000000000000000002","","3016","3323000635056","8","312","2","","4","1","請求書"
"188","2026/06/17 16:35:13","1","0","135526","0","135526","0","135526","135526","0","0","0","9726 FIVICS ハーネスジェル アームガード イエロー","イエロー","90000000000000000002","","1692","3311000186050","4","312","2","","4","1","請求書"
"188","2026/06/17 16:35:13","1","0","135526","0","135526","0","135526","135526","0","0","0","9726 FIVICS ハーネスジェル アームガード パープル","パープル","90000000000000000002","","1694","3311000186074","2","312","2","","4","1","請求書"
"188","2026/06/17 16:35:13","1","0","135526","0","135526","0","135526","135526","0","0","0","9676 KOREA ARCHERY JET6 S ベイン RH グリーン","グリーン","90000000000000000002","RH","7390","1600000000483","1","312","2","","4","1","請求書"
"188","2026/06/17 16:35:13","1","0","135526","0","135526","0","135526","135526","0","0","0","9726 FIVICS TNV2300 アッパーロッド イエロー","","90000000000000000002","イエロー","1420","2111000128040","1","312","2","","4","1","請求書"
"187","2026/06/17 14:04:47","2","0","0","0","6600","0","6600","6600","6600","0","0","","","","","","","","","2","","3","",""
"186","2026/06/17 13:27:37","1","0","6050","0","6050","0","6050","6050","0","6050","0","FIVICS ピンノック(S) クリアオレンジ ","","","クリアオレンジ","2286","6111000287057","2","","2","","4","",""
"186","2026/06/17 13:27:37","1","0","6050","0","6050","0","6050","6050","0","6050","0","KOREA ARCHERY JET6 S ベイン RH オレンジ","オレンジ","","RH","7392","1600000000469","1","","2","","4","",""
"185","2026/06/17 13:27:27","1","0","-6050","0","-6050","0","-6050","-6050","-6050","0","0","FIVICS ピンノック(S) クリアオレンジ ","","","クリアオレンジ","2286","6111000287057","2","","2","","4","",""
"185","2026/06/17 13:27:27","1","0","-6050","0","-6050","0","-6050","-6050","-6050","0","0","KOREA ARCHERY JET6 S ベイン RH オレンジ","オレンジ","","RH","7392","1600000000469","1","","2","","4","",""
"184","2026/06/17 13:09:12","1","0","13200","0","13200","0","13200","13200","0","13200","0","FIVICS SAKER 1 タブ コードバン RH S","S","","RH","1613","3111000175043","2","","2","","4","",""
"184","2026/06/17 13:09:12","1","0","13200","0","13200","0","13200","13200","0","13200","0","FIVICS SAKER 1 タブ バックスキン S ","","","S","1625","3111000176040","1","","2","","4","",""
"184","2026/06/17 13:09:12","1","0","13200","0","13200","0","13200","13200","0","13200","0","RANGE-O-MATIC スピンウィングベイン 45mm RH ブルー","ブルー","","RH","2431","6117000302042","1","","2","","4","",""
"183","2026/06/17 13:09:04","1","0","-13200","0","-13200","0","-13200","-13200","-13200","0","0","FIVICS SAKER 1 タブ コードバン RH S","S","","RH","1613","3111000175043","2","","2","","4","",""
"183","2026/06/17 13:09:04","1","0","-13200","0","-13200","0","-13200","-13200","-13200","0","0","FIVICS SAKER 1 タブ バックスキン S ","","","S","1625","3111000176040","1","","2","","4","",""
"183","2026/06/17 13:09:04","1","0","-13200","0","-13200","0","-13200","-13200","-13200","0","0","RANGE-O-MATIC スピンウィングベイン 45mm RH ブルー","ブルー","","RH","2431","6117000302042","1","","2","","4","",""
"182","2026/06/16 21:44:01","1","1","1584","0","1584","0","1584","1584","0","0","0","ARICO フィンガースリング グリーン","","","グリーン","2701","8011000406022","1","","2","","4","1","請求書"
"181","2026/06/16 21:41:36","1","0","0","0","0","0","0","0","0","0","0","事務手数料","","","","2953","9900000000073","1","","2","","4","",""
"180","2026/06/16 19:37:29","1","0","4840","0","4840","484","4356","4356","0","4356","0","FIVICS SAKER 2 タブ コードバン RH M","M","","RH","1630","3111000177030","1","","2","","3","",""
"179","2026/06/16 18:01:41","1","1","135526","0","135526","0","135526","135526","0","0","0","9676 KOREA ARCHERY JET6 ベイン1.75 インチ RH ホワイト","ホワイト","90000000000000000002","RH","2936","6123000632171","6","312","2","","4","1","請求書"
"179","2026/06/16 18:01:41","1","1","135526","0","135526","0","135526","135526","0","0","0","9726 FIVICS（新）A2 チェストガード RH ブラック L","ブラックL","90000000000000000002","RH","3272","3311010180246","1","312","2","","4","1","請求書"
"179","2026/06/16 18:01:41","1","1","135526","0","135526","0","135526","135526","0","0","0","9726 FIVICS SAKER 1 タブ RH S","S","90000000000000000002","RH","1521","3011000160035","5","312","2","","4","1","請求書"
"179","2026/06/16 18:01:41","1","1","135526","0","135526","0","135526","135526","0","0","0","9726 FIVICS SAKER 1 タブ コードバン RH S","S","90000000000000000002","RH","1613","3111000175043","3","312","2","","4","1","請求書"
"179","2026/06/16 18:01:41","1","1","135526","0","135526","0","135526","135526","0","0","0","9726 FIVICS SAKER 2 タブ RH L","L","90000000000000000002","RH","1531","3011000162015","2","312","2","","4","1","請求書"
"179","2026/06/16 18:01:41","1","1","135526","0","135526","0","135526","135526","0","0","0","9726 FIVICS FS004D フィンガースペーサー レッド","","90000000000000000002","レッド","2671","3211000394038","3","312","2","","4","1","請求書"
"179","2026/06/16 18:01:41","1","1","135526","0","135526","0","135526","135526","0","0","0","9726 FIVICS FS001P プラスチック フィンガースペーサー","","90000000000000000002","","2668","3211000393000","6","312","2","","4","1","請求書"
"179","2026/06/16 18:01:41","1","1","135526","0","135526","0","135526","135526","0","0","0","9726 KOREA ARCHERY Jet6 アームガード ブラック","ブラック","90000000000000000002","","2931","3323000635018","4","312","2","","4","1","請求書"
"179","2026/06/16 18:01:41","1","1","135526","0","135526","0","135526","135526","0","0","0","9726 KOREA ARCHERY Jet6 アームガード ブルー","ブルー","90000000000000000002","","2932","3323000635025","3","312","2","","4","1","請求書"
"179","2026/06/16 18:01:41","1","1","135526","0","135526","0","135526","135526","0","0","0","9726 KOREA ARCHERY Jet6 アームガード レッド","レッド","90000000000000000002","","2933","3323000635032","1","312","2","","4","1","請求書"
"179","2026/06/16 18:01:41","1","1","135526","0","135526","0","135526","135526","0","0","0","9726 KOREA ARCHERY Jet6 アームガード  グリーン","グリーン","90000000000000000002","","3019","3323000635087","5","312","2","","4","1","請求書"
"179","2026/06/16 18:01:41","1","1","135526","0","135526","0","135526","135526","0","0","0","9726 KOREA ARCHERY Jet6 アームガード イエロー","イエロー","90000000000000000002","","2934","3323000635049","1","312","2","","4","1","請求書"
"179","2026/06/16 18:01:41","1","1","135526","0","135526","0","135526","135526","0","0","0","9726 KOREA ARCHERY Jet6 アームガード  オレンジ","オレンジ","90000000000000000002","","3018","3323000635070","3","312","2","","4","1","請求書"
"179","2026/06/16 18:01:41","1","1","135526","0","135526","0","135526","135526","0","0","0","9726 KOREA ARCHERY Jet6 アームガード  パープル","パープル","90000000000000000002","","3017","3323000635063","3","312","2","","4","1","請求書"
"179","2026/06/16 18:01:41","1","1","135526","0","135526","0","135526","135526","0","0","0","9726 KOREA ARCHERY Jet6 アームガード  ピンク","ピンク","90000000000000000002","","3016","3323000635056","8","312","2","","4","1","請求書"
"179","2026/06/16 18:01:41","1","1","135526","0","135526","0","135526","135526","0","0","0","9726 FIVICS ハーネスジェル アームガード イエロー","イエロー","90000000000000000002","","1692","3311000186050","4","312","2","","4","1","請求書"
"179","2026/06/16 18:01:41","1","1","135526","0","135526","0","135526","135526","0","0","0","9726 FIVICS ハーネスジェル アームガード パープル","パープル","90000000000000000002","","1694","3311000186074","2","312","2","","4","1","請求書"
"179","2026/06/16 18:01:41","1","1","135526","0","135526","0","135526","135526","0","0","0","9676 KOREA ARCHERY JET6 S ベイン RH グリーン","グリーン","90000000000000000002","RH","7390","1600000000483","1","312","2","","4","1","請求書"
"179","2026/06/16 18:01:41","1","1","135526","0","135526","0","135526","135526","0","0","0","9726 FIVICS TNV2300 アッパーロッド イエロー","","90000000000000000002","イエロー","1420","2111000128040","1","312","2","","4","1","請求書"
"178","2026/06/16 17:58:34","1","1","135526","0","135526","0","135526","135526","0","0","0","9676 KOREA ARCHERY JET6 ベイン1.75 インチ RH ホワイト","ホワイト","90000000000000000002","RH","2936","6123000632171","6","312","2","","4","1","請求書"
"178","2026/06/16 17:58:34","1","1","135526","0","135526","0","135526","135526","0","0","0","9726 FIVICS（新）A2 チェストガード RH ブラック L","ブラックL","90000000000000000002","RH","3272","3311010180246","1","312","2","","4","1","請求書"
"178","2026/06/16 17:58:34","1","1","135526","0","135526","0","135526","135526","0","0","0","9726 FIVICS SAKER 1 タブ RH S","S","90000000000000000002","RH","1521","3011000160035","5","312","2","","4","1","請求書"
"178","2026/06/16 17:58:34","1","1","135526","0","135526","0","135526","135526","0","0","0","9726 FIVICS SAKER 1 タブ コードバン RH S","S","90000000000000000002","RH","1613","3111000175043","3","312","2","","4","1","請求書"
"178","2026/06/16 17:58:34","1","1","135526","0","135526","0","135526","135526","0","0","0","9726 FIVICS SAKER 2 タブ RH L","L","90000000000000000002","RH","1531","3011000162015","2","312","2","","4","1","請求書"
"178","2026/06/16 17:58:34","1","1","135526","0","135526","0","135526","135526","0","0","0","9726 FIVICS FS004D フィンガースペーサー レッド","","90000000000000000002","レッド","2671","3211000394038","3","312","2","","4","1","請求書"
"178","2026/06/16 17:58:34","1","1","135526","0","135526","0","135526","135526","0","0","0","9726 FIVICS FS001P プラスチック フィンガースペーサー","","90000000000000000002","","2668","3211000393000","6","312","2","","4","1","請求書"
"178","2026/06/16 17:58:34","1","1","135526","0","135526","0","135526","135526","0","0","0","9726 KOREA ARCHERY Jet6 アームガード ブラック","ブラック","90000000000000000002","","2931","3323000635018","4","312","2","","4","1","請求書"
"178","2026/06/16 17:58:34","1","1","135526","0","135526","0","135526","135526","0","0","0","9726 KOREA ARCHERY Jet6 アームガード ブルー","ブルー","90000000000000000002","","2932","3323000635025","3","312","2","","4","1","請求書"
"178","2026/06/16 17:58:34","1","1","135526","0","135526","0","135526","135526","0","0","0","9726 KOREA ARCHERY Jet6 アームガード レッド","レッド","90000000000000000002","","2933","3323000635032","1","312","2","","4","1","請求書"
"178","2026/06/16 17:58:34","1","1","135526","0","135526","0","135526","135526","0","0","0","9726 KOREA ARCHERY Jet6 アームガード  グリーン","グリーン","90000000000000000002","","3019","3323000635087","5","312","2","","4","1","請求書"
"178","2026/06/16 17:58:34","1","1","135526","0","135526","0","135526","135526","0","0","0","9726 KOREA ARCHERY Jet6 アームガード イエロー","イエロー","90000000000000000002","","2934","3323000635049","1","312","2","","4","1","請求書"
"178","2026/06/16 17:58:34","1","1","135526","0","135526","0","135526","135526","0","0","0","9726 KOREA ARCHERY Jet6 アームガード  オレンジ","オレンジ","90000000000000000002","","3018","3323000635070","3","312","2","","4","1","請求書"
"178","2026/06/16 17:58:34","1","1","135526","0","135526","0","135526","135526","0","0","0","9726 KOREA ARCHERY Jet6 アームガード  パープル","パープル","90000000000000000002","","3017","3323000635063","3","312","2","","4","1","請求書"
"178","2026/06/16 17:58:34","1","1","135526","0","135526","0","135526","135526","0","0","0","9726 KOREA ARCHERY Jet6 アームガード  ピンク","ピンク","90000000000000000002","","3016","3323000635056","8","312","2","","4","1","請求書"
"178","2026/06/16 17:58:34","1","1","135526","0","135526","0","135526","135526","0","0","0","9726 FIVICS ハーネスジェル アームガード イエロー","イエロー","90000000000000000002","","1692","3311000186050","4","312","2","","4","1","請求書"
"178","2026/06/16 17:58:34","1","1","135526","0","135526","0","135526","135526","0","0","0","9726 FIVICS ハーネスジェル アームガード パープル","パープル","90000000000000000002","","1694","3311000186074","2","312","2","","4","1","請求書"
"178","2026/06/16 17:58:34","1","1","135526","0","135526","0","135526","135526","0","0","0","9676 KOREA ARCHERY JET6 S ベイン RH グリーン","グリーン","90000000000000000002","RH","7390","1600000000483","1","312","2","","4","1","請求書"
"178","2026/06/16 17:58:34","1","1","135526","0","135526","0","135526","135526","0","0","0","9726 FIVICS TNV2300 アッパーロッド イエロー","","90000000000000000002","イエロー","1420","2111000128040","1","312","2","","4","1","請求書"
"177","2026/06/16 15:51:13","1","1","29700","0","29700","0","29700","29700","0","0","0","FIVICS V3 リム (ウッドコア) S 34ポンド","34ポンド","90000000000000000001","S","4394","4000100010745","1","313","2","","4","1","請求書"
"176","2026/06/16 15:48:01","1","1","29700","0","29700","0","29700","29700","0","0","0","FIVICS V3 リム (ウッドコア) S 34ポンド","34ポンド","90000000000000000001","S","4394","4000100010745","1","313","2","","4","1","請求書"
"175","2026/06/16 12:30:42","1","0","6050","0","6050","0","6050","6050","6050","0","0","FIVICS ピンノック(S) クリアオレンジ ","","","クリアオレンジ","2286","6111000287057","2","","2","","3","",""
"175","2026/06/16 12:30:42","1","0","6050","0","6050","0","6050","6050","6050","0","0","KOREA ARCHERY JET6 S ベイン RH オレンジ","オレンジ","","RH","7392","1600000000469","1","","2","","3","",""
"174","2026/06/16 11:51:11","1","0","8800","0","8800","0","8800","8800","0","8800","0","FIVICS SAKER 2 タブ RH M","M","","RH","1532","3011000162022","1","","2","","3","",""
"173","2026/06/16 10:33:36","1","1","401024","30672","370352","0","370352","370352","0","0","0","MK ZX ハンドル  RH カメレオンブルー","カメレオンブルー","90000000000000000308","RH","14548","3600100010625","1","7","2","","4","1","請求書"
"173","2026/06/16 10:33:36","1","1","401024","30672","370352","0","370352","370352","0","0","0","FIVICS SKADI-BX センタースタビライザー 26インチ","","90000000000000000308","26インチ","1386","2011000464011","1","7","2","","4","1","請求書"
"173","2026/06/16 10:33:36","1","1","401024","30672","370352","0","370352","370352","0","0","0","SHIBUYA ULTIMA RC4 520 カーボンサイト RH ブラック","ブラック","90000000000000000308","RH ","12479","7000000000379","1","7","2","","4","1","請求書"
"173","2026/06/16 10:33:36","1","1","401024","30672","370352","0","370352","370352","0","0","0","Beiter プランジャー ダークブルー","","90000000000000000308","ダークブルー","1479","2415000149037","1","7","2","","4","1","請求書"
"173","2026/06/16 10:33:36","1","1","401024","30672","370352","0","370352","370352","0","0","0","HOYT スーパーレスト RH","","90000000000000000308","RH","1507","2716000153001","4","7","2","","4","1","請求書"
"173","2026/06/16 10:33:36","1","1","401024","30672","370352","0","370352","370352","0","0","0","FIVICS SAKER 1 タブ RH M","M","90000000000000000308","RH","1520","3011000160028","1","7","2","","4","1","請求書"
"173","2026/06/16 10:33:36","1","1","401024","30672","370352","0","370352","370352","0","0","0","FIVICS WIND チェストガード(RH) L ブラック","ブラック","90000000000000000308","L","1668","3311000183011","1","7","2","","4","1","請求書"
"173","2026/06/16 10:33:36","1","1","401024","30672","370352","0","370352","370352","0","0","0","FIVICS ORGANIC X アームガード ブラック","","90000000000000000308","ブラック","1680","3311000184018","1","7","2","","4","1","請求書"
"173","2026/06/16 10:33:36","1","1","401024","30672","370352","0","370352","370352","0","0","0","FIVICS UNICO トーナメントクイバー(L)  ネイビーブルー","","90000000000000000308","ネイビーブルー","2449","5011000303034","1","7","2","","4","1","請求書"
"173","2026/06/16 10:33:36","1","1","401024","30672","370352","0","370352","370352","0","0","0","WJ SPORTS COUCH ボウスタンド","","90000000000000000308","","2514","4113000322006","1","7","2","","4","1","請求書"
"173","2026/06/16 10:33:36","1","1","401024","30672","370352","0","370352","370352","0","0","0","WIN&WIN Tゲージ ブルー","","90000000000000000308","ブルー","5286","1900000000026","1","7","2","","4","1","請求書"
"173","2026/06/16 10:33:36","1","1","401024","30672","370352","0","370352","370352","0","0","0","FIVICS アロープラー","","90000000000000000308","","2496","5111000316000","1","7","2","","4","1","請求書"
"173","2026/06/16 10:33:36","1","1","401024","30672","370352","0","370352","370352","0","0","0","ARICO フィンガースリング グリーン","","90000000000000000308","グリーン","2701","8011000406022","1","7","2","","4","1","請求書"
"173","2026/06/16 10:33:36","1","1","401024","30672","370352","0","370352","370352","0","0","0","FIVICS バックパック ブラック","ブラック","90000000000000000308","","12498","2200000000286","1","7","2","","4","1","請求書"
"173","2026/06/16 10:33:36","1","1","401024","30672","370352","0","370352","370352","0","0","0","事務手数料","","90000000000000000308","","2953","9900000000073","1","7","2","","4","1","請求書"
"172","2026/06/16 01:31:15","1","0","0","0","0","0","0","0","0","0","0","事務手数料","","","","2953","9900000000073","1","","2","","4","",""
"171","2026/06/16 00:40:32","1","1","176000","0","176000","0","176000","176000","0","0","0","MK ZX ハンドル  RH バイオレット","バイオレット","90000000000000000313","RH","14536","3600100010748","1","2","2","","4","1","請求書"
"170","2026/06/15 21:11:46","1","1","1584","0","1584","0","1584","1584","0","0","0","ARICO フィンガースリング グリーン","","90000000000000000313","グリーン","2701","8011000406022","1","2","2","","4","1","請求書"
"169","2026/06/15 21:04:22","1","1","1584","158","1426","0","1426","1426","0","0","0","ARICO フィンガースリング グリーン","","90000000000000000313","グリーン","2701","8011000406022","1","2","2","","4","1","請求書"
"168","2026/06/15 20:10:25","1","1","1584","0","1584","0","1584","1584","0","0","0","ARICO フィンガースリング グリーン","","90000000000000000313","グリーン","2701","8011000406022","1","2","2","","4","1","請求書"
"167","2026/06/15 19:33:06","1","1","1584","158","1426","0","1426","1426","0","0","0","ARICO フィンガースリング グリーン","","","グリーン","2701","8011000406022","1","","2","","4","1","請求書"
"166","2026/06/15 14:07:00","1","1","1584","0","1584","0","1584","1584","0","0","0","ARICO フィンガースリング グリーン","","","グリーン","2701","8011000406022","1","","2","","4","1","請求書"
"165","2026/06/15 13:51:23","1","1","3000","0","3000","0","3000","3000","0","0","0","ARICO オリジナル冷感タオル レシートVer","","","","18420","2900000000247","1","","2","","4","1","請求書"
"164","2026/06/15 13:08:16","1","1","158240","0","158240","0","158240","158240","0","0","0","（旧カラー）MK ZEST リム (ILF)  S 44ポンド","44ポンド","","S","607","1112000051070","1","","2","","4","1","請求書"
"163","2026/06/15 13:06:03","2","0","0","0","-105600","0","-105600","0","0","0","0","","","","","","","","","2","","2","",""
"162","2026/06/15 13:00:32","1","0","-105600","0","-105600","0","-105600","-105600","0","0","0","【廃版】MK L3 リム(ILF)  S 30ポンド","30ポンド","","S","684","1112000060034","1","","2","","4","1","請求書"
"161","2026/06/15 12:58:50","2","0","0","0","105600","0","105600","0","0","0","0","","","","","","","","","2","","4","",""
"160","2026/06/15 12:53:15","1","0","105600","0","105600","0","105600","105600","0","0","0","【廃版】MK L3 リム(ILF)  S 30ポンド","30ポンド","","S","684","1112000060034","1","","2","","4","1","請求書"
"159","2026/06/15 12:51:59","1","1","21626","1676","19950","0","19950","19950","0","0","0","ARICO フィンガースリング グリーン","","","グリーン","2701","8011000406022","1","","2","","4","1","請求書"
"159","2026/06/15 12:51:59","1","1","21626","1676","19950","0","19950","19950","0","0","0","MK KOREA フィンガースリング ブラック","","","ブラック","18118","2900100010139","1","","2","","4","1","請求書"
"159","2026/06/15 12:51:59","1","1","21626","1676","19950","0","19950","19950","0","0","0","FIVICS SAKER 1 タブ RH S","S","","RH","1521","3011000160035","1","","2","","4","1","請求書"
"159","2026/06/15 12:51:59","1","1","21626","1676","19950","0","19950","19950","0","0","0","WJ SPORTS グリップテープ イエロー","","","イエロー","2873","9413000425048","1","","2","","4","1","請求書"
"159","2026/06/15 12:51:59","1","1","21626","1676","19950","0","19950","19950","0","0","0","WIN&WIN INNO CXT プラスチック グリップ  LH レッド","レッド","","LH","2599","1220000370159","1","","2","","4","1","請求書"
"159","2026/06/15 12:51:59","1","1","21626","1676","19950","0","19950","19950","0","0","0","KOREA ARCHERY JET6 ベイン1.75 インチ LH レッド","レッド","","LH","2911","6123000632133","1","","2","","4","1","請求書"
"158","2026/06/15 12:36:50","1","1","2098","12","2086","0","2086","2086","0","0","0","ARICO フィンガースリング グリーン","","","グリーン","2701","8011000406022","1","","2","","4","1","請求書"
"158","2026/06/15 12:36:50","1","1","2098","12","2086","0","2086","2086","0","0","0","Sherwood フィンガースリング レッド","","","レッド","3814","2900100010009","1","","2","","4","1","請求書"
"158","2026/06/15 12:36:50","1","1","2098","12","2086","0","2086","2086","0","0","0","事務手数料","","","","2953","9900000000073","1","","2","","4","1","請求書"
"158","2026/06/15 12:36:50","1","1","2098","12","2086","0","2086","2086","0","0","0","全体値引き","","","","2953","9900000000073","1","","2","","4","1","請求書"
"157","2026/06/15 12:30:03","1","0","-159924","-158440","-1484","0","-1484","-1484","0","0","0","ARICO フィンガースリング グリーン","","","グリーン","2701","8011000406022","1","","2","","4","1","請求書"
"157","2026/06/15 12:30:03","1","0","-159924","-158440","-1484","0","-1484","-1484","0","0","0","（旧カラー）MK ZEST リム (ILF)  S 46ポンド","46ポンド","","S","608","1112000051087","1","","2","","4","1","請求書"
"157","2026/06/15 12:30:03","1","0","-159924","-158440","-1484","0","-1484","-1484","0","0","0","事務手数料","","","","2953","9900000000073","1","","2","","4","1","請求書"
"156","2026/06/15 12:27:13","1","0","-2084","-158","-1926","0","-1926","-1926","0","0","0","ARICO フィンガースリング グリーン","","","グリーン","2701","8011000406022","1","","2","","4","1","請求書"
"156","2026/06/15 12:27:13","1","0","-2084","-158","-1926","0","-1926","-1926","0","0","0","事務手数料","","","","2953","9900000000073","1","","2","","4","1","請求書"
"155","2026/06/15 12:27:08","1","0","-3168","0","-3168","0","-3168","-3168","0","0","0","ARICOフィンガースリング オレンジ","","","オレンジ","2700","8011000406015","1","","2","","4","1","請求書"
"155","2026/06/15 12:27:08","1","0","-3168","0","-3168","0","-3168","-3168","0","0","0","ARICO フィンガースリング グリーン","","","グリーン","2701","8011000406022","1","","2","","4","1","請求書"
"155","2026/06/15 12:27:08","1","0","-3168","0","-3168","0","-3168","-3168","0","0","0","事務手数料","","","","2953","9900000000073","1","","2","","4","1","請求書"
"154","2026/06/15 12:26:52","1","0","159924","158440","1484","0","1484","1484","0","0","0","ARICO フィンガースリング グリーン","","","グリーン","2701","8011000406022","1","","2","","4","1","請求書"
"154","2026/06/15 12:26:52","1","0","159924","158440","1484","0","1484","1484","0","0","0","（旧カラー）MK ZEST リム (ILF)  S 46ポンド","46ポンド","","S","608","1112000051087","1","","2","","4","1","請求書"
"154","2026/06/15 12:26:52","1","0","159924","158440","1484","0","1484","1484","0","0","0","事務手数料","","","","2953","9900000000073","1","","2","","4","1","請求書"
"153","2026/06/15 12:19:22","1","0","2084","158","1926","0","1926","1926","0","0","0","ARICO フィンガースリング グリーン","","","グリーン","2701","8011000406022","1","","2","","4","1","請求書"
"153","2026/06/15 12:19:22","1","0","2084","158","1926","0","1926","1926","0","0","0","事務手数料","","","","2953","9900000000073","1","","2","","4","1","請求書"
"152","2026/06/15 12:00:28","1","0","3168","0","3168","0","3168","3168","0","0","0","ARICOフィンガースリング オレンジ","","","オレンジ","2700","8011000406015","1","","2","","4","1","請求書"
"152","2026/06/15 12:00:28","1","0","3168","0","3168","0","3168","3168","0","0","0","ARICO フィンガースリング グリーン","","","グリーン","2701","8011000406022","1","","2","","4","1","請求書"
"152","2026/06/15 12:00:28","1","0","3168","0","3168","0","3168","3168","0","0","0","事務手数料","","","","2953","9900000000073","1","","2","","4","1","請求書"
"151","2026/06/15 11:52:24","1","0","-100760","-100","-100660","0","-100660","-100660","0","0","0","MK X-ON ハンドル 25"" RH スカイブルー","スカイブルー","","RH","218","1012000010025","1","","2","","4","1","請求書"
"151","2026/06/15 11:52:24","1","0","-100760","-100","-100660","0","-100660","-100660","0","0","0","MK KOREA フィンガースリング ブラック","","","ブラック","18118","2900100010139","1","","2","","4","1","請求書"
"150","2026/06/15 11:52:09","1","0","-2084","0","-2084","0","-2084","-2084","0","0","0","事務手数料","","","","2953","9900000000073","1","","2","","4","1","請求書"
"150","2026/06/15 11:52:09","1","0","-2084","0","-2084","0","-2084","-2084","0","0","0","ARICOフィンガースリング オレンジ","","","オレンジ","2700","8011000406015","1","","2","","4","1","請求書"
"149","2026/06/15 11:51:55","1","0","-3520","0","-3520","0","-3520","-3520","0","0","0","MK KOREA フィンガースリング ブラック","","","ブラック","18118","2900100010139","1","","2","","4","1","請求書"
"149","2026/06/15 11:51:55","1","0","-3520","0","-3520","0","-3520","-3520","0","0","0","AAE スーパースリング ブラック","","","ブラック","3803","2900100010115","1","","2","","4","1","請求書"
"148","2026/06/15 11:51:33","1","0","2084","0","2084","0","2084","2084","0","0","0","事務手数料","","","","2953","9900000000073","1","","2","","4","1","請求書"
"148","2026/06/15 11:51:33","1","0","2084","0","2084","0","2084","2084","0","0","0","ARICOフィンガースリング オレンジ","","","オレンジ","2700","8011000406015","1","","2","","4","1","請求書"
"147","2026/06/15 11:49:35","1","0","100760","100","100660","0","100660","100660","0","0","0","MK X-ON ハンドル 25"" RH スカイブルー","スカイブルー","","RH","218","1012000010025","1","","2","","4","1","請求書"
"147","2026/06/15 11:49:35","1","0","100760","100","100660","0","100660","100660","0","0","0","MK KOREA フィンガースリング ブラック","","","ブラック","18118","2900100010139","1","","2","","4","1","請求書"
"145","2026/06/15 11:31:00","1","0","3520","0","3520","0","3520","3520","0","0","0","MK KOREA フィンガースリング ブラック","","","ブラック","18118","2900100010139","1","","2","","4","1","請求書"
"145","2026/06/15 11:31:00","1","0","3520","0","3520","0","3520","3520","0","0","0","AAE スーパースリング ブラック","","","ブラック","3803","2900100010115","1","","2","","4","1","請求書"
"144","2026/06/15 03:25:11","1","1","3000","0","3000","0","3000","3000","0","0","0","ARICO オリジナル冷感タオル レシートVer","","","","18420","2900000000247","1","","2","","4","1","請求書"
"143","2026/06/15 03:22:24","1","1","1760","0","1760","0","1760","1760","0","0","0","MK KOREA フィンガースリング ブラック","","","ブラック","18118","2900100010139","1","","2","","4","1","請求書"
"142","2026/06/15 03:21:58","1","0","1760","0","1760","0","1760","1760","0","0","0","MK KOREA フィンガースリング ブラック","","","ブラック","18118","2900100010139","1","","2","","4","1","請求書"
"141","2026/06/15 03:14:09","1","0","-1760","0","-1760","0","-1760","-1760","0","0","0","MK KOREA フィンガースリング ブラック","","","ブラック","18118","2900100010139","1","","2","","4","1","請求書"
"140","2026/06/15 03:13:52","1","0","1760","0","1760","0","1760","1760","0","0","0","MK KOREA フィンガースリング ブラック","","","ブラック","18118","2900100010139","1","","2","","4","1","請求書"
"138","2026/06/15 03:06:27","1","0","-6000","0","-6000","0","-6000","-6000","0","0","0","ARICO オリジナル冷感タオル レシートVer","","","","18420","2900000000247","2","","2","","4","1","請求書"
"137","2026/06/15 03:06:14","1","0","-3000","0","-3000","0","-3000","-3000","0","0","0","ARICO オリジナル冷感タオル レシートVer","","","","18420","2900000000247","1","","2","","4","1","請求書"
"134","2026/06/15 02:53:03","1","0","-3000","0","-3000","0","-3000","-3000","0","0","0","ARICO オリジナル冷感タオル レシートVer","","","","18420","2900000000247","1","","2","","4","1","請求書"
"146","2026/06/15 02:17:28","1","0","3000","0","3000","0","3000","3000","0","0","0","ARICO オリジナル冷感タオル レシートVer","","","","18420","2900000000247","1","","2","","4","1","請求書"
"139","2026/06/14 18:07:08","1","0","1760","0","1760","0","1760","1760","0","0","0","MK KOREA フィンガースリング ブラック","","","ブラック","18118","2900100010139","1","","2","","4","1","請求書"
"136","2026/06/14 18:04:50","1","0","3000","0","3000","0","3000","3000","0","0","0","ARICO オリジナル冷感タオル レシートVer","","","","18420","2900000000247","1","","2","","4","1","請求書"
"133","2026/06/14 17:32:20","1","0","3000","0","3000","0","3000","3000","0","0","0","ARICO オリジナル冷感タオル レシートVer","","","","18420","2900000000247","1","","2","","4","1","請求書"
"135","2026/06/14 17:25:51","1","0","6000","0","6000","0","6000","6000","0","0","0","ARICO オリジナル冷感タオル レシートVer","","","","18420","2900000000247","2","","2","","4","1","請求書"
"132","2026/06/14 16:07:45","1","0","2530","0","2530","0","2530","5050","5050","0","2520","FIVICS ORGANIC WEB アームガード ブルー ","","","ブルー","1685","3311000185022","1","","2","","3","",""
"131","2026/06/14 14:20:24","1","0","3000","0","3000","0","3000","3000","3000","0","0","ガチャガチャ  ","","","","11274","7600000000036","1","","2","","1","",""
"130","2026/06/14 14:18:02","1","0","10384","0","10384","1038","9346","10406","10406","0","1060","ARICO フィンガースリング グリーン ","","","グリーン","2701","8011000406022","1","","2","","1","",""
"130","2026/06/14 14:18:02","1","0","10384","0","10384","1038","9346","10406","10406","0","1060","RANGE-O-MATIC スピンウィングベイン 45mm RH ホワイト","ホワイト","","RH","2428","6117000302011","4","","2","","1","",""
"129","2026/06/14 13:30:04","1","0","3000","0","3000","0","3000","3000","3000","0","0","ガチャガチャ  ","","","","11274","7600000000036","1","","2","","1","",""
"128","2026/06/14 13:27:39","1","0","3000","0","3000","0","3000","3000","3000","0","0","ガチャガチャ  ","","","","11274","7600000000036","1","","2","","1","",""
"127","2026/06/14 13:18:00","1","0","3000","0","3000","0","3000","3000","3000","0","0","ガチャガチャ  ","","","","11274","7600000000036","1","","2","","1","",""
"126","2026/06/14 13:09:19","1","0","3000","0","3000","0","3000","10000","10000","0","7000","ガチャガチャ  ","","","","11274","7600000000036","1","","2","","1","",""
"125","2026/06/14 13:05:13","1","0","3630","0","3630","363","3267","3267","3267","0","0","WJ SPORTS ARCHER'S ハット S ","","","S","2868","9413000424034","1","","2","","1","",""
"124","2026/06/14 13:01:36","1","0","1584","0","1584","158","1426","2026","2026","0","600","ARICO フィンガースリング グリーン ","","","グリーン","2701","8011000406022","1","","2","","1","",""
"123","2026/06/14 12:59:52","1","0","3000","0","3000","0","3000","3000","0","3000","0","ガチャガチャ  ","","","","11274","7600000000036","1","","2","","1","",""
"122","2026/06/14 12:58:44","1","0","3000","0","3000","0","3000","3000","3000","0","0","ガチャガチャ  ","","","","11274","7600000000036","1","","2","","1","",""
"121","2026/06/14 12:57:49","1","0","3000","0","3000","0","3000","3000","3000","0","0","ガチャガチャ  ","","","","11274","7600000000036","1","","2","","1","",""
"120","2026/06/14 12:56:02","1","0","6000","0","6000","0","6000","6000","0","6000","0","ガチャガチャ  ","","","","11274","7600000000036","2","","2","","1","",""
"119","2026/06/14 12:54:11","1","0","3000","0","3000","0","3000","3000","3000","0","0","ガチャガチャ  ","","","","11274","7600000000036","1","","2","","1","",""
"118","2026/06/14 12:51:15","1","0","3000","0","3000","0","3000","3000","3000","0","0","ガチャガチャ  ","","","","11274","7600000000036","1","","2","","1","",""
"117","2026/06/14 12:49:34","1","0","3000","0","3000","0","3000","3000","0","3000","0","ガチャガチャ  ","","","","11274","7600000000036","1","","2","","1","",""
"116","2026/06/14 12:48:08","1","0","3000","0","3000","0","3000","3000","0","3000","0","ガチャガチャ  ","","","","11274","7600000000036","1","","2","","1","",""
"115","2026/06/14 12:46:43","1","0","3000","0","3000","0","3000","3000","0","3000","0","ガチャガチャ  ","","","","11274","7600000000036","1","","2","","1","",""
"114","2026/06/14 12:44:41","1","0","3000","0","3000","0","3000","10000","10000","0","7000","ガチャガチャ  ","","","","11274","7600000000036","1","","2","","1","",""
"113","2026/06/14 12:42:31","1","0","3000","0","3000","0","3000","3000","3000","0","0","ガチャガチャ  ","","","","11274","7600000000036","1","","2","","1","",""
"112","2026/06/14 12:40:51","1","0","3000","0","3000","0","3000","3000","0","3000","0","ガチャガチャ  ","","","","11274","7600000000036","1","","2","","1","",""
"111","2026/06/14 12:39:56","1","0","3000","0","3000","0","3000","3000","3000","0","0","ガチャガチャ  ","","","","11274","7600000000036","1","","2","","1","",""
"110","2026/06/14 12:39:32","1","0","2530","530","2000","0","2000","2000","0","2000","0","MK ARCHERY ミニチュア キーリング ハンドル グリーン ","","","グリーン","6315","2900000000001","1","","2","","1","",""
"109","2026/06/14 12:38:30","1","0","3000","0","3000","0","3000","3000","3000","0","0","ガチャガチャ  ","","","","11274","7600000000036","1","","2","","1","",""
"108","2026/06/14 12:36:52","1","0","3000","0","3000","0","3000","3000","0","3000","0","ガチャガチャ  ","","","","11274","7600000000036","1","","2","","1","",""
"107","2026/06/14 12:31:25","1","0","3000","0","3000","0","3000","3000","3000","0","0","ガチャガチャ  ","","","","11274","7600000000036","1","","2","","1","",""
"106","2026/06/14 12:29:42","1","0","6000","0","6000","0","6000","11000","11000","0","5000","ガチャガチャ  ","","","","11274","7600000000036","2","","2","","1","",""
"105","2026/06/14 12:23:19","1","0","3000","0","3000","0","3000","3000","3000","0","0","ガチャガチャ  ","","","","11274","7600000000036","1","","2","","1","",""
"104","2026/06/14 12:15:16","1","0","3000","0","3000","0","3000","3000","3000","0","0","ガチャガチャ  ","","","","11274","7600000000036","1","","2","","1","",""
"103","2026/06/14 12:10:10","1","0","2970","0","2970","297","2673","2673","0","2673","0","KOREA ARCHERY JET6 ベイン1.75 インチ RH ブラック","ブラック","","RH","2883","6123000632010","1","","2","","1","",""
"102","2026/06/14 12:08:10","1","0","1540","0","1540","154","1386","1386","0","1386","0","FIVICS ピンノック(S) クリアパープル ","","","クリアパープル","2289","6111000287088","1","","2","","1","",""
"101","2026/06/14 11:53:38","1","0","3000","0","3000","0","3000","3000","0","3000","0","ガチャガチャ  ","","","","11274","7600000000036","1","","2","","1","",""
"100","2026/06/14 11:46:02","1","0","3000","0","3000","0","3000","3000","3000","0","0","ガチャガチャ  ","","","","11274","7600000000036","1","","2","","1","",""
"99","2026/06/14 11:40:25","1","0","3000","0","3000","0","3000","3000","0","3000","0","ガチャガチャ  ","","","","11274","7600000000036","1","","2","","1","",""
"98","2026/06/14 11:38:27","1","0","3000","0","3000","0","3000","5000","5000","0","2000","ガチャガチャ  ","","","","11274","7600000000036","1","","2","","1","",""
"97","2026/06/14 11:34:23","1","0","3000","0","3000","0","3000","3000","3000","0","0","ガチャガチャ  ","","","","11274","7600000000036","1","","2","","1","",""
"96","2026/06/14 11:22:16","1","0","3000","0","3000","0","3000","3000","0","3000","0","ガチャガチャ  ","","","","11274","7600000000036","1","","2","","1","",""
"95","2026/06/14 11:21:19","1","0","3000","0","3000","0","3000","3000","3000","0","0","ガチャガチャ  ","","","","11274","7600000000036","1","","2","","1","",""
"94","2026/06/14 11:18:53","1","0","2530","530","2000","0","2000","2000","2000","0","0","MK ARCHERY ミニチュア キーリング ハンドル シルバー ","","","シルバー","6312","2900000000032","1","","2","","1","",""
"93","2026/06/14 11:16:33","1","0","3000","0","3000","0","3000","3000","0","3000","0","ガチャガチャ  ","","","","11274","7600000000036","1","","2","","1","",""
"92","2026/06/14 11:14:47","1","0","3000","0","3000","0","3000","3000","3000","0","0","ガチャガチャ  ","","","","11274","7600000000036","1","","2","","1","",""
"91","2026/06/14 11:13:34","1","0","3000","0","3000","0","3000","10000","10000","0","7000","ガチャガチャ  ","","","","11274","7600000000036","1","","2","","1","",""
"90","2026/06/14 11:12:01","1","0","3000","0","3000","0","3000","3000","3000","0","0","ガチャガチャ  ","","","","11274","7600000000036","1","","2","","1","",""
"89","2026/06/14 11:10:57","1","0","3000","0","3000","0","3000","5000","5000","0","2000","ガチャガチャ  ","","","","11274","7600000000036","1","","2","","1","",""
"88","2026/06/14 11:10:31","1","0","3000","0","3000","0","3000","5000","5000","0","2000","ガチャガチャ  ","","","","11274","7600000000036","1","","2","","1","",""
"87","2026/06/14 11:09:00","1","0","3000","0","3000","0","3000","3000","3000","0","0","ガチャガチャ  ","","","","11274","7600000000036","1","","2","","1","",""
"86","2026/06/14 11:07:47","1","0","3000","0","3000","0","3000","3000","3000","0","0","ガチャガチャ  ","","","","11274","7600000000036","1","","2","","1","",""
"85","2026/06/14 11:05:09","1","0","3000","0","3000","0","3000","3000","3000","0","0","ガチャガチャ  ","","","","11274","7600000000036","1","","2","","1","",""
"84","2026/06/14 10:51:04","1","0","3000","0","3000","0","3000","3000","3000","0","0","ガチャガチャ  ","","","","11274","7600000000036","1","","2","","1","",""
"83","2026/06/14 10:50:15","1","0","3000","0","3000","0","3000","10000","10000","0","7000","ガチャガチャ  ","","","","11274","7600000000036","1","","2","","1","",""
"82","2026/06/14 10:49:58","1","0","3000","0","3000","0","3000","3000","3000","0","0","ガチャガチャ  ","","","","11274","7600000000036","1","","2","","1","",""
"81","2026/06/14 10:49:12","1","0","6930","0","6930","0","6930","12030","12030","0","5100","FIVICS SAKER 1 タブ RH XS","XS","","RH","1522","3011000160042","1","","2","","1","",""
"80","2026/06/14 10:42:31","1","0","30000","0","30000","0","30000","30000","0","30000","0","ガチャガチャ  ","","","","11274","7600000000036","10","","2","","1","",""
"79","2026/06/14 10:37:00","1","0","3000","0","3000","0","3000","3000","0","3000","0","ガチャガチャ  ","","","","11274","7600000000036","1","","2","","1","",""
"78","2026/06/14 10:34:49","1","0","3000","0","3000","0","3000","10000","10000","0","7000","ガチャガチャ  ","","","","11274","7600000000036","1","","2","","1","",""
"77","2026/06/14 10:33:33","1","0","3000","0","3000","0","3000","3000","3000","0","0","ガチャガチャ  ","","","","11274","7600000000036","1","","2","","1","",""
"76","2026/06/14 10:32:41","1","0","3000","0","3000","0","3000","3000","3000","0","0","ガチャガチャ  ","","","","11274","7600000000036","1","","2","","1","",""
"75","2026/06/14 10:30:07","1","0","3000","0","3000","0","3000","5000","5000","0","2000","ガチャガチャ  ","","","","11274","7600000000036","1","","2","","1","",""
"74","2026/06/14 10:28:47","1","0","3000","0","3000","0","3000","3000","3000","0","0","ガチャガチャ  ","","","","11274","7600000000036","1","","2","","1","",""
"73","2026/06/14 10:27:25","1","0","3000","0","3000","0","3000","3000","3000","0","0","ガチャガチャ  ","","","","11274","7600000000036","1","","2","","1","",""
"72","2026/06/14 10:26:14","1","0","3000","0","3000","0","3000","5000","5000","0","2000","ガチャガチャ  ","","","","11274","7600000000036","1","","2","","1","",""
"71","2026/06/14 10:24:56","1","0","3000","0","3000","0","3000","5000","5000","0","2000","ガチャガチャ  ","","","","11274","7600000000036","1","","2","","1","",""
"70","2026/06/14 10:23:51","1","0","3000","0","3000","0","3000","3000","3000","0","0","ガチャガチャ  ","","","","11274","7600000000036","1","","2","","1","",""
"69","2026/06/14 10:23:04","1","0","3000","0","3000","0","3000","3000","3000","0","0","ガチャガチャ  ","","","","11274","7600000000036","1","","2","","1","",""
"68","2026/06/14 10:20:47","1","0","3000","0","3000","0","3000","3000","0","3000","0","ガチャガチャ  ","","","","11274","7600000000036","1","","2","","1","",""
"67","2026/06/14 10:09:18","1","0","3000","0","3000","0","3000","5000","5000","0","2000","ガチャガチャ  ","","","","11274","7600000000036","1","","2","","1","",""
"66","2026/06/14 10:05:48","1","0","3000","0","3000","0","3000","3000","3000","0","0","ガチャガチャ  ","","","","11274","7600000000036","1","","2","","1","",""
"65","2026/06/14 10:03:59","1","0","4840","0","4840","484","4356","5000","5000","0","644","FIVICS SAKER 2 タブ コードバン RH M","M","","RH","1630","3111000177030","1","","2","","1","",""
"64","2026/06/14 09:54:01","1","0","1584","0","1584","158","1426","2000","2000","0","574","ARICO フィンガースリング グリーン ","","","グリーン","2701","8011000406022","1","","2","","1","",""
"63","2026/06/14 09:41:06","1","0","3000","0","3000","0","3000","3000","0","3000","0","ガチャガチャ  ","","","","11274","7600000000036","1","","2","","1","",""
"62","2026/06/14 09:35:19","1","0","3000","0","3000","0","3000","3000","3000","0","0","ガチャガチャ  ","","","","11274","7600000000036","1","","2","","1","",""
"61","2026/06/14 09:33:33","1","0","3000","0","3000","0","3000","5000","5000","0","2000","ガチャガチャ  ","","","","11274","7600000000036","1","","2","","1","",""
"60","2026/06/14 09:30:42","1","0","3000","0","3000","0","3000","3000","3000","0","0","ガチャガチャ  ","","","","11274","7600000000036","1","","2","","1","",""
"59","2026/06/14 09:28:42","1","0","2530","530","2000","0","2000","2000","0","2000","0","MK ARCHERY ミニチュア キーリング ハンドル レッド ","","","レッド","6309","2900000000063","1","","2","","1","",""
"58","2026/06/14 09:25:37","1","0","9000","0","9000","0","9000","9000","0","9000","0","ガチャガチャ  ","","","","11274","7600000000036","3","","2","","1","",""
"57","2026/06/14 09:21:38","1","0","12000","0","12000","0","12000","12000","0","12000","0","ガチャガチャ  ","","","","11274","7600000000036","4","","2","","1","",""
"56","2026/06/14 09:20:07","1","0","3000","0","3000","0","3000","3000","3000","0","0","ガチャガチャ  ","","","","11274","7600000000036","1","","2","","1","",""
"55","2026/06/14 09:18:11","1","0","3000","0","3000","0","3000","3000","0","3000","0","ガチャガチャ  ","","","","11274","7600000000036","1","","2","","1","",""
"54","2026/06/14 09:16:18","1","0","3000","0","3000","0","3000","3000","0","3000","0","ガチャガチャ  ","","","","11274","7600000000036","1","","2","","1","",""
"53","2026/06/14 09:13:12","1","0","6000","0","6000","0","6000","6000","6000","0","0","ガチャガチャ  ","","","","11274","7600000000036","2","","2","","1","",""
"52","2026/06/14 08:37:35","1","0","2200","0","2200","220","1980","2000","2000","0","20","RANGE-O-MATIC スピンウィングベイン 45mm RH イエロー","イエロー","","RH","2430","6117000302035","1","","2","","1","",""
"51","2026/06/13 18:04:33","1","0","1540","0","1540","154","1386","1406","1406","0","20","HOYT スーパーレスト RH ","","","RH","1507","2716000153001","5","","2","","3","",""
"50","2026/06/13 16:57:21","1","0","3000","0","3000","0","3000","3000","3000","0","0","ガチャガチャ  ","","","","11274","7600000000036","1","","2","","1","",""
"49","2026/06/13 16:55:44","1","0","3000","0","3000","0","3000","5000","5000","0","2000","ガチャガチャ  ","","","","11274","7600000000036","1","","2","","1","",""
"48","2026/06/13 16:54:29","1","0","3000","0","3000","0","3000","3000","3000","0","0","ガチャガチャ  ","","","","11274","7600000000036","1","","2","","1","",""
"47","2026/06/13 16:41:32","1","0","13200","0","13200","0","13200","13200","13200","0","0","FIVICS SAKER 1 タブ コードバン RH S","S","","RH","1613","3111000175043","2","","2","","3","",""
"47","2026/06/13 16:41:32","1","0","13200","0","13200","0","13200","13200","13200","0","0","FIVICS SAKER 1 タブ バックスキン S ","","","S","1625","3111000176040","1","","2","","3","",""
"47","2026/06/13 16:41:32","1","0","13200","0","13200","0","13200","13200","13200","0","0","RANGE-O-MATIC スピンウィングベイン 45mm RH ブルー","ブルー","","RH","2431","6117000302042","1","","2","","3","",""
"46","2026/06/13 16:15:50","1","0","5940","0","5940","594","5346","5346","0","5346","0","KOREA ARCHERY JET6 ベイン 2 インチ RH オレンジ","オレンジ","","RH","2896","6123000633062","2","","2","","1","",""
"45","2026/06/13 16:08:51","1","0","3350","0","3350","335","3015","3015","0","3015","0","【レッド】ARICO STRING 70インチ18本 N ","","250525000010","N","6078","3300000000183","1","2074","2","","3","",""
"44","2026/06/13 15:34:37","1","0","3000","0","3000","0","3000","3000","0","3000","0","ガチャガチャ  ","","","","11274","7600000000036","1","","2","","1","",""
"43","2026/06/13 14:53:57","1","0","3000","0","3000","0","3000","3000","3000","0","0","ガチャガチャ  ","","","","11274","7600000000036","1","","2","","1","",""
"42","2026/06/13 14:27:36","3","0","0","0","8200","0","8200","8200","8200","0","0","","","","","","","","","2","","3","",""
"41","2026/06/13 14:09:32","1","0","3000","0","3000","0","3000","10000","10000","0","7000","ガチャガチャ  ","","","","11274","7600000000036","1","","2","","1","",""
"40","2026/06/13 14:07:56","1","0","3000","0","3000","0","3000","5000","5000","0","2000","ガチャガチャ  ","","","","11274","7600000000036","1","","2","","1","",""
"39","2026/06/13 13:58:57","1","0","3000","0","3000","0","3000","3000","0","3000","0","ガチャガチャ  ","","","","11274","7600000000036","1","","2","","1","",""
"38","2026/06/13 13:55:30","1","0","6000","0","6000","0","6000","10000","10000","0","4000","ガチャガチャ  ","","","","11274","7600000000036","2","","2","","1","",""
"37","2026/06/13 13:53:57","1","0","3000","0","3000","0","3000","10000","10000","0","7000","ガチャガチャ  ","","","","11274","7600000000036","1","","2","","1","",""
"36","2026/06/13 13:52:55","1","0","3000","0","3000","0","3000","3000","3000","0","0","ガチャガチャ  ","","","","11274","7600000000036","1","","2","","1","",""
"35","2026/06/13 13:29:20","1","0","3000","0","3000","0","3000","3000","3000","0","0","ガチャガチャ  ","","","","11274","7600000000036","1","","2","","1","",""
"34","2026/06/13 13:25:28","1","0","3000","0","3000","0","3000","10000","10000","0","7000","ガチャガチャ  ","","","","11274","7600000000036","1","","2","","1","",""
"33","2026/06/13 13:24:00","1","0","2530","530","2000","0","2000","2000","2000","0","0","MK ARCHERY ミニチュア キーリング ハンドル バイオレット ","","","バイオレット","6314","2900000000018","1","","2","","1","",""
"32","2026/06/13 13:21:07","1","0","5500","530","4970","497","4473","5020","5020","0","547","KOREA ARCHERY JET6 ベイン1.75 インチ RH レッド","レッド","","RH","2887","6123000632058","1","","2","","1","",""
"32","2026/06/13 13:21:07","1","0","5500","530","4970","497","4473","5020","5020","0","547","MK ARCHERY ミニチュア キーリング ハンドル グリーン ","","","グリーン","6315","2900000000001","1","","2","","1","",""
"31","2026/06/13 13:13:35","1","0","3000","0","3000","0","3000","3000","3000","0","0","ガチャガチャ  ","","","","11274","7600000000036","1","","2","","1","",""
"30","2026/06/13 13:12:45","1","0","3000","0","3000","0","3000","3000","3000","0","0","ガチャガチャ  ","","","","11274","7600000000036","1","","2","","1","",""
"29","2026/06/13 13:11:38","1","0","3000","0","3000","0","3000","3000","3000","0","0","ガチャガチャ  ","","","","11274","7600000000036","1","","2","","1","",""
"28","2026/06/13 13:10:37","1","0","3000","0","3000","0","3000","3000","3000","0","0","ガチャガチャ  ","","","","11274","7600000000036","1","","2","","1","",""
"27","2026/06/13 13:09:49","1","0","3000","0","3000","0","3000","3000","3000","0","0","ガチャガチャ  ","","","","11274","7600000000036","1","","2","","1","",""
"26","2026/06/13 13:09:29","1","0","1210","0","1210","121","1089","1089","0","1089","0","FIVICS リムプロテクター ブラック ","","","ブラック","1696","3311000188016","1","","2","","1","",""
"25","2026/06/13 13:06:48","1","0","3000","0","3000","0","3000","3000","3000","0","0","ガチャガチャ  ","","","","11274","7600000000036","1","","2","","1","",""
"24","2026/06/13 13:05:23","1","0","6000","0","6000","0","6000","6000","6000","0","0","ガチャガチャ  ","","","","11274","7600000000036","2","","2","","1","",""
"23","2026/06/13 13:03:00","1","0","6000","0","6000","0","6000","10000","10000","0","4000","ガチャガチャ  ","","","","11274","7600000000036","2","","2","","1","",""
"22","2026/06/13 12:58:19","1","0","18000","0","18000","0","18000","18000","18000","0","0","ガチャガチャ  ","","","","11274","7600000000036","6","","2","","1","",""
"21","2026/06/13 12:56:44","1","0","3000","0","3000","0","3000","3000","3000","0","0","ガチャガチャ  ","","","","11274","7600000000036","1","","2","","1","",""
"20","2026/06/13 12:55:19","1","0","3000","0","3000","0","3000","3000","3000","0","0","ガチャガチャ  ","","","","11274","7600000000036","1","","2","","1","",""
"19","2026/06/13 12:53:26","1","0","3000","0","3000","0","3000","3000","0","3000","0","ガチャガチャ  ","","","","11274","7600000000036","1","","2","","1","",""
"18","2026/06/13 12:51:19","1","0","3000","0","3000","0","3000","3000","3000","0","0","ガチャガチャ  ","","","","11274","7600000000036","1","","2","","1","",""
"17","2026/06/13 12:49:32","1","0","3000","0","3000","0","3000","10000","10000","0","7000","ガチャガチャ  ","","","","11274","7600000000036","1","","2","","1","",""
"16","2026/06/13 12:43:39","1","0","3000","0","3000","0","3000","3000","3000","0","0","ガチャガチャ  ","","","","11274","7600000000036","1","","2","","1","",""
"15","2026/06/13 12:33:44","1","0","7700","0","7700","0","7700","7700","0","7700","0","レッスン  ","","","","7315","7800000000030","1","","2","","3","",""
"14","2026/06/13 11:44:19","1","0","4620","0","4620","462","4158","4160","4160","0","2","FIVICS ピンノック(S) オブリックイエロー ","","","オブリックイエロー","2283","6111000287026","3","","2","","1","",""
"13","2026/06/13 11:39:41","1","0","3000","0","3000","0","3000","5000","5000","0","2000","ガチャガチャ  ","","","","11274","7600000000036","1","","2","","1","",""
"12","2026/06/13 11:38:53","1","0","3000","0","3000","0","3000","3000","0","3000","0","ガチャガチャ  ","","","","11274","7600000000036","1","","2","","1","",""
"11","2026/06/13 10:53:27","1","0","1210","0","1210","121","1089","1089","0","1089","0","FIVICS リムプロテクター ブラック ","","","ブラック","1696","3311000188016","1","","2","","1","",""
"10","2026/06/13 09:56:20","1","0","1584","0","1584","158","1426","2000","2000","0","574","ARICO フィンガースリング グリーン ","","","グリーン","2701","8011000406022","1","","2","","1","",""
"9","2026/06/12 20:27:05","1","0","4620","0","4620","0","4620","4620","0","4620","0","FIVICS A2＋ チェストガード L ブラック","ブラック","","L","14713","5400000001529","1","","2","","3","",""
"8","2026/06/10 16:22:06","1","0","6160","0","6160","0","6160","6160","0","6160","0","Flex-Fletch ベイン FFP-187 （100枚） パープル ","","","パープル","17990","1600000001138","1","","2","","3","",""
"7","2026/06/10 15:54:44","1","0","9284","0","9284","0","9284","9284","0","9284","0","ARICO フィンガースリング グリーン ","","","グリーン","2701","8011000406022","1","","2","","3","",""
"7","2026/06/10 15:54:44","1","0","9284","0","9284","0","9284","9284","0","9284","0","レッスン  ","","","","7315","7800000000030","1","","2","","3","",""
"6","2026/06/10 15:24:15","1","0","6160","0","6160","616","5544","5544","0","5544","0","FIVICS TENFIX タブ コードバン RH M","M","","RH","1596","3111000171021","1","","2","","3","",""
"6","2026/06/10 15:24:15","1","0","6160","0","6160","616","5544","5544","0","5544","0","FIVICS TENFIX タブ バックスキン M ","","","M","1602","3111000172028","1","","2","","3","",""
"5","2026/06/10 11:26:00","1","0","4840","0","4840","0","4840","4840","0","4840","0","FIVICS TENFIX タブ コードバン RH L","L","","RH","1595","3111000171014","1","","2","","3","",""
"4","2026/06/09 17:29:08","1","0","-4950","0","-4950","-495","-4455","-4455","0","-4455","0","Beiter アウトノック 4.5/1 X (1個) パープル ","","","パープル","2340","6115000293087","25","","2","","3","",""
"3","2026/06/09 17:28:06","1","0","-1584","0","-1584","0","-1584","-1584","0","-1584","0","ARICOフィンガースリング オレンジ ","","","オレンジ","2700","8011000406015","1","","2","","2","",""
"2","2026/06/09 13:30:06","1","0","4950","0","4950","495","4455","4455","0","4455","0","Beiter アウトノック 4.5/1 X (1個) パープル ","","","パープル","2340","6115000293087","25","","2","","3","",""
"1","2026/06/07 19:06:52","1","0","1584","0","1584","0","1584","1584","0","1584","0","ARICOフィンガースリング オレンジ ","","","オレンジ","2700","8011000406015","1","","2","","2","",""
